frame,tracker_id,identity_id,recognized_identity,recognition_score,recognition_status,face_score,person_score,fused_score,cumulative_identity_score,person_bbox,recognition_correct_by_tracker,snapshot_path,face_detected,tracker_active,bbox,area_ratio,brightness,landmark_conf,scale_pass,brightness_pass,landmark_pass,status,failure,tracker_invalid
0,0,0,0,0.0,NEW_IDENTITY,0.0,0.0,0.0,0.0,"[855, 401, 926, 751]",True,snapshots/person_0/0_1781654264302.jpg,1,1,"[893, 414, 914, 448]",0.00028836460918114145,136.60504201680672,5,True,True,True,ACCEPTABLE,,
1,0,0,0,,PERSON_ONLY_TRACK,,,,0.0,"[855, 401, 926, 751]",True,,0,1,"[855, 401, 926, 751]",,,,,,,PERSON_ONLY_TRACK,,
2,0,0,0,,PERSON_ONLY_TRACK,,,,0.0,"[855, 401, 927, 751]",True,,0,1,"[855, 401, 927, 751]",,,,,,,PERSON_ONLY_TRACK,,
3,0,0,0,0.9978862567594683,CONFIRMED,0.9987512104794442,0.9965888261795044,0.9978862567594683,0.9978862567594683,"[855, 401, 926, 751]",False,snapshots/person_0/0_1781654273784.jpg,1,1,"[893, 414, 914, 448]",0.00028836460918114145,137.1344537815126,5,True,True,True,ACCEPTABLE,,
4,0,0,0,0.99839556507457,CONFIRMED,0.9994558939037836,0.9968050718307495,0.99839556507457,1.9962818218340384,"[855, 401, 926, 751]",False,snapshots/person_0/0_1781654277090.jpg,1,1,"[893, 414, 914, 448]",0.00028836460918114145,136.42577030812325,5,True,True,True,ACCEPTABLE,,
5,1,0,0,0.8067715871877298,INITIAL_RECOGNITION,0.9750415465147669,0.5543666481971741,0.8067715871877298,0.8067715871877298,"[1122, 1484, 1158, 1605]",True,snapshots/person_0/0_1781654280573.jpg,1,1,"[1131, 1490, 1149, 1511]",0.00015266361662531018,83.34920634920636,5,True,True,True,ACCEPTABLE,,0
5,0,0,0,0.9976121547137847,CONFIRMED,0.9984992547689462,0.9962815046310425,0.9976121547137847,2.993893976547823,"[855, 401, 926, 751]",False,snapshots/person_0/0_1781654280920.jpg,1,1,"[893, 415, 914, 448]",0.00027988329714640197,136.51226551226551,5,True,True,True,ACCEPTABLE,,
6,0,0,0,0.9857419437932906,CONFIRMED,0.9817765863021111,0.9916899800300598,0.9857419437932906,3.9796359203411136,"[855, 400, 926, 751]",False,snapshots/person_0/0_1781654284655.jpg,1,1,"[893, 411, 920, 455]",0.0004797999379652605,148.0429292929293,5,True,True,True,ACCEPTABLE,,
6,1,0,0,,TRACKER_PREDICTED,,,,0.8067715871877298,"[1122, 1484, 1158, 1605]",True,,0,1,"[1131, 1490, 1149, 1511]",,,,,,,TRACKER_PREDICTED,DETECTORS_MISSED,
7,0,0,0,0.9930258609793581,CONFIRMED,0.9934789899226688,0.9923461675643921,0.9930258609793581,4.972661781320472,"[855, 400, 926, 752]",False,snapshots/person_0/0_1781654287923.jpg,1,1,"[892, 410, 920, 455]",0.0005088787220843673,146.67857142857142,5,True,True,True,ACCEPTABLE,,
7,2,1,1,0.5808212757110596,PERSON_ONLY_NEW_IDENTITY,,0.5808212757110596,0.5808212757110596,0.5808212757110596,"[974, 1501, 1094, 1663]",True,,0,1,"[974, 1501, 1094, 1663]",,,,,,,PERSON_ONLY,,
7,1,0,0,,TRACKER_PREDICTED,,,,0.8067715871877298,"[1122, 1484, 1158, 1605]",True,,0,1,"[1131, 1490, 1149, 1511]",,,,,,,TRACKER_PREDICTED,DETECTORS_MISSED,
8,2,1,1,0.8666024383636971,TRACKER_CONTINUITY_OVERRIDE,0.9937469457143976,0.6758856773376465,0.8666024383636971,1.4474237140747568,"[933, 1471, 1161, 1663]",True,snapshots/person_1/1_1781654291282.jpg,1,1,"[1025, 1499, 1057, 1545]",0.0005944995864350703,54.235054347826086,5,True,True,True,ACCEPTABLE,,
8,0,0,0,0.985021084575538,CONFIRMED,0.9901341498373021,0.9773514866828918,0.985021084575538,5.95768286589601,"[855, 400, 927, 751]",False,snapshots/person_0/0_1781654291598.jpg,1,1,"[893, 422, 915, 453]",0.0002754407051282051,139.47800586510263,5,True,True,True,ACCEPTABLE,,
8,1,0,0,,TRACKER_PREDICTED,,,,0.8067715871877298,"[1122, 1484, 1158, 1605]",True,,0,1,"[1131, 1490, 1149, 1511]",,,,,,,TRACKER_PREDICTED,DETECTORS_MISSED,
9,2,1,1,0.9167517649983797,CONFIRMED,0.9989087164162652,0.7935163378715515,0.9167517649983797,2.3641754790731366,"[931, 1432, 1057, 1663]",False,snapshots/person_1/1_1781654294875.jpg,1,1,"[1011, 1461, 1045, 1507]",0.0006316558105872622,53.21419437340153,5,True,True,True,ACCEPTABLE,,
9,0,0,0,0.9947982721038511,CONFIRMED,0.9977308797352595,0.9903993606567383,0.9947982721038511,6.952481137999861,"[855, 401, 927, 752]",False,snapshots/person_0/0_1781654295513.jpg,1,1,"[893, 420, 915, 452]",0.00028432588916459887,137.74147727272728,5,True,True,True,ACCEPTABLE,,
9,1,0,0,,TRACKER_PREDICTED,,,,0.8067715871877298,"[1122, 1484, 1158, 1605]",True,,0,1,"[1131, 1490, 1149, 1511]",,,,,,,TRACKER_PREDICTED,DETECTORS_MISSED,
10,0,0,0,0.9952748332158097,CONFIRMED,0.9968962327863389,0.9928427338600159,0.9952748332158097,7.9477559712156705,"[855, 401, 927, 751]",False,snapshots/person_0/0_1781654299289.jpg,1,1,"[894, 422, 915, 454]",0.00027140198511166254,137.36309523809524,5,True,True,True,ACCEPTABLE,,
10,2,1,1,,PERSON_ONLY_TRACK,,,,2.3641754790731366,"[928, 1415, 1057, 1663]",True,,0,1,"[928, 1415, 1057, 1663]",,,,,,,PERSON_ONLY_TRACK,,
10,1,0,0,,TRACKER_PREDICTED,,,,0.8067715871877298,"[1122, 1484, 1158, 1605]",True,,0,1,"[1131, 1490, 1149, 1511]",,,,,,,TRACKER_PREDICTED,DETECTORS_MISSED,
11,0,0,0,0.9971020433626736,CONFIRMED,0.9971020433626736,0.0,0.9971020433626736,8.944858014578344,"[855, 401, 927, 751]",False,snapshots/person_0/0_1781654302467.jpg,1,1,"[895, 422, 914, 453]",0.00023788060897435897,136.80305602716467,5,True,True,True,ACCEPTABLE,,
11,2,1,1,,PERSON_ONLY_TRACK,,,,2.3641754790731366,"[925, 1388, 1040, 1663]",True,,0,1,"[925, 1388, 1040, 1663]",,,,,,,PERSON_ONLY_TRACK,,
11,1,0,0,,TRACKER_PREDICTED,,,,0.8067715871877298,"[1122, 1484, 1158, 1605]",True,,0,1,"[1131, 1490, 1149, 1511]",,,,,,,TRACKER_PREDICTED,DETECTORS_MISSED,
12,0,0,0,0.9791586638566827,CONFIRMED,0.9965120953117765,0.9531285166740417,0.9791586638566827,9.924016678435027,"[854, 401, 928, 751]",False,snapshots/person_0/0_1781654305726.jpg,1,1,"[894, 420, 915, 453]",0.00027988329714640197,134.9090909090909,5,True,True,True,ACCEPTABLE,,
12,2,1,1,0.921514483438973,CONFIRMED,0.9954549407744481,0.8106037974357605,0.921514483438973,3.2856899625121097,"[909, 1363, 1026, 1663]",False,snapshots/person_1/1_1781654306053.jpg,1,1,"[976, 1378, 1011, 1424]",0.0006502339226633581,65.0360248447205,5,True,True,True,ACCEPTABLE,,
12,1,0,0,,TRACKER_PREDICTED,,,,0.8067715871877298,"[1122, 1484, 1158, 1605]",True,,0,1,"[1131, 1490, 1149, 1511]",,,,,,,TRACKER_PREDICTED,DETECTORS_MISSED,
13,0,0,0,0.9979992942133942,CONFIRMED,0.9973956869905855,0.9989047050476074,0.9979992942133942,10.92201597264842,"[854, 401, 928, 751]",False,snapshots/person_0/0_1781654309356.jpg,1,1,"[894, 414, 916, 448]",0.00030209625723738625,134.0173796791444,5,True,True,True,ACCEPTABLE,,
13,2,1,1,0.9722024356325423,CONFIRMED,0.99912522815995,0.9318182468414307,0.9722024356325423,4.2578923981446515,"[905, 1349, 1017, 1663]",False,snapshots/person_1/1_1781654309684.jpg,1,1,"[971, 1363, 1003, 1404]",0.0005298800661703888,64.85670731707317,5,True,True,True,ACCEPTABLE,,
13,1,0,0,,TRACKER_PREDICTED,,,,0.8067715871877298,"[1122, 1484, 1158, 1605]",True,,0,1,"[1131, 1490, 1149, 1511]",,,,,,,TRACKER_PREDICTED,DETECTORS_MISSED,
14,0,0,0,0.997852705687263,CONFIRMED,0.9985048750539264,0.9968744516372681,0.997852705687263,11.919868678335684,"[854, 401, 928, 751]",False,snapshots/person_0/0_1781654312991.jpg,1,1,"[894, 414, 916, 448]",0.00030209625723738625,134.76604278074868,5,True,True,True,ACCEPTABLE,,
14,2,1,1,,PERSON_ONLY_TRACK,,,,4.2578923981446515,"[891, 1320, 1005, 1662]",True,,0,1,"[891, 1320, 1005, 1662]",,,,,,,PERSON_ONLY_TRACK,,
14,1,0,0,,TRACKER_PREDICTED,,,,0.8067715871877298,"[1122, 1484, 1158, 1605]",True,,0,1,"[1131, 1490, 1149, 1511]",,,,,,,TRACKER_PREDICTED,DETECTORS_MISSED,
15,0,0,0,0.9934146465131125,CONFIRMED,0.997614075950199,0.9871155023574829,0.9934146465131125,12.913283324848797,"[854, 401, 927, 751]",False,snapshots/person_0/0_1781654316621.jpg,1,1,"[893, 420, 915, 453]",0.00029321107320099256,136.52203856749313,5,True,True,True,ACCEPTABLE,,
15,2,1,1,,PERSON_ONLY_TRACK,,,,4.2578923981446515,"[875, 1290, 993, 1663]",True,,0,1,"[875, 1290, 993, 1663]",,,,,,,PERSON_ONLY_TRACK,,
15,3,2,2,0.7021001577377319,PERSON_ONLY_NEW_IDENTITY,,0.7021001577377319,0.7021001577377319,0.7021001577377319,"[976, 1254, 1103, 1662]",True,,0,1,"[976, 1254, 1103, 1662]",,,,,,,PERSON_ONLY,,
15,1,0,0,,TRACKER_PREDICTED,,,,0.8067715871877298,"[1122, 1484, 1158, 1605]",True,,0,1,"[1131, 1490, 1149, 1511]",,,,,,,TRACKER_PREDICTED,DETECTORS_MISSED,
16,0,0,0,0.9948287839867065,CONFIRMED,0.9965281677208658,0.9922797083854675,0.9948287839867065,13.908112108835503,"[854, 400, 927, 751]",False,snapshots/person_0/0_1781654320125.jpg,1,1,"[893, 420, 915, 452]",0.00028432588916459887,137.4275568181818,5,True,True,True,ACCEPTABLE,,
16,2,1,1,0.8738440733255854,CONFIRMED,0.9930329688889965,0.6950607299804688,0.8738440733255854,5.131736471470237,"[862, 1277, 989, 1663]",False,snapshots/person_1/1_1781654320453.jpg,1,1,"[953, 1346, 973, 1374]",0.00022616832092638544,65.75178571428572,5,True,True,True,ACCEPTABLE,,
16,3,2,2,,PERSON_ONLY_TRACK,,,,0.7021001577377319,"[977, 1257, 1091, 1642]",True,,0,1,"[977, 1257, 1091, 1642]",,,,,,,PERSON_ONLY_TRACK,,
17,0,0,0,0.9976374502777128,CONFIRMED,0.99840066760763,0.9964926242828369,0.9976374502777128,14.905749559113216,"[854, 400, 927, 751]",False,snapshots/person_0/0_1781654323762.jpg,1,1,"[893, 419, 915, 452]",0.00029321107320099256,138.7479338842975,5,True,True,True,ACCEPTABLE,,
17,2,1,1,0.9570315169521979,CONFIRMED,0.9960813203170584,0.8984568119049072,0.9570315169521979,6.088767988422435,"[857, 1255, 974, 1663]",False,snapshots/person_1/1_1781654324089.jpg,1,1,"[939, 1325, 960, 1354]",0.00024595804900744416,74.11165845648604,5,True,True,True,ACCEPTABLE,,
17,3,2,2,,PERSON_ONLY_TRACK,,,,0.7021001577377319,"[952, 1220, 1080, 1643]",True,,0,1,"[952, 1220, 1080, 1643]",,,,,,,PERSON_ONLY_TRACK,,
18,2,1,1,0.9457441650488512,CONFIRMED,0.996527725236041,0.8695688247680664,0.9457441650488512,7.034512153471287,"[853, 1231, 962, 1645]",False,snapshots/person_1/1_1781654327428.jpg,1,1,"[928, 1297, 950, 1325]",0.000248785153019024,76.4512987012987,5,True,True,True,ACCEPTABLE,,
18,0,0,0,0.9966118633451181,CONFIRMED,0.9975079794231582,0.9952676892280579,0.9966118633451181,15.902361422458334,"[854, 400, 927, 751]",False,snapshots/person_0/0_1781654327759.jpg,1,1,"[894, 415, 915, 448]",0.00027988329714640197,139.84415584415584,5,True,True,True,ACCEPTABLE,,
18,3,2,2,,PERSON_ONLY_TRACK,,,,0.7021001577377319,"[934, 1204, 1063, 1644]",True,,0,1,"[934, 1204, 1063, 1644]",,,,,,,PERSON_ONLY_TRACK,,
19,2,1,1,0.9458941145352711,CONFIRMED,0.9968945058869306,0.869393527507782,0.9458941145352711,7.980406268006558,"[849, 1216, 959, 1612]",False,snapshots/person_1/1_1781654331295.jpg,1,1,"[920, 1285, 943, 1311]",0.00024151545698924731,76.8913043478261,5,True,True,True,ACCEPTABLE,,
19,0,0,0,0.9994192722189517,CONFIRMED,0.9999841257512719,0.9985719919204712,0.9994192722189517,16.901780694677285,"[854, 400, 927, 751]",False,snapshots/person_0/0_1781654331629.jpg,1,1,"[894, 415, 915, 448]",0.00027988329714640197,140.02020202020202,5,True,True,True,ACCEPTABLE,,
19,3,2,2,,PERSON_ONLY_TRACK,,,,0.7021001577377319,"[929, 1192, 1053, 1635]",True,,0,1,"[929, 1192, 1053, 1635]",,,,,,,PERSON_ONLY_TRACK,,
20,2,1,1,0.9965823936977274,CONFIRMED,0.9965823936977274,0.0,0.9965823936977274,8.976988661704285,"[833, 1193, 950, 1581]",False,snapshots/person_1/1_1781654335860.jpg,1,1,"[916, 1259, 938, 1289]",0.00026655552109181144,81.98181818181818,5,True,True,True,ACCEPTABLE,,
20,0,0,0,0.995773149306168,CONFIRMED,0.9969153417060604,0.9940598607063293,0.995773149306168,17.897553843983452,"[854, 400, 927, 751]",False,snapshots/person_0/0_1781654336382.jpg,1,1,"[893, 415, 914, 448]",0.00027988329714640197,137.44011544011545,5,True,True,True,ACCEPTABLE,,
20,4,3,3,0.9962520709786098,FRAME_ID_CONFLICT_NEW_IDENTITY,0.9962520709786097,0.0,0.9962520709786098,0.9962520709786098,"[833, 1193, 950, 1581]",True,snapshots/person_3/3_1781654336667.jpg,1,1,"[917, 1206, 939, 1236]",0.00026655552109181144,64.13333333333334,5,True,True,True,ACCEPTABLE,,1
20,3,2,2,,PERSON_ONLY_TRACK,,,,0.7021001577377319,"[933, 1151, 1062, 1565]",True,,0,1,"[933, 1151, 1062, 1565]",,,,,,,PERSON_ONLY_TRACK,,
21,0,0,0,0.9990854825763207,CONFIRMED,0.9992636584885088,0.9988182187080383,0.9990854825763207,18.89663932655977,"[854, 400, 927, 751]",False,snapshots/person_0/0_1781654340669.jpg,1,1,"[894, 415, 914, 448]",0.00026655552109181144,138.53181818181818,5,True,True,True,ACCEPTABLE,,
21,2,1,1,0.9935328304852911,TRACKER_CONTINUITY_OVERRIDE,0.9935328304852911,0.0,0.9935328304852911,9.970521492189576,"[825, 1179, 944, 1579]",True,snapshots/person_1/1_1781654341050.jpg,1,1,"[905, 1240, 927, 1267]",0.00023989996898263026,75.74242424242425,5,True,True,True,ACCEPTABLE,,
21,3,2,2,,PERSON_ONLY_TRACK,,,,0.7021001577377319,"[923, 1110, 1066, 1524]",True,,0,1,"[923, 1110, 1066, 1524]",,,,,,,PERSON_ONLY_TRACK,,
21,4,3,3,,TRACKER_PREDICTED,,,,0.9962520709786098,"[833, 1193, 950, 1581]",True,,0,1,"[917, 1206, 939, 1236]",,,,,,,TRACKER_PREDICTED,DETECTORS_MISSED,
22,0,0,0,0.9996527152013175,CONFIRMED,0.9999612895567206,0.9991898536682129,0.9996527152013175,19.89629204176109,"[854, 400, 927, 751]",False,snapshots/person_0/0_1781654345059.jpg,1,1,"[893, 415, 914, 448]",0.00027988329714640197,137.32900432900433,5,True,True,True,ACCEPTABLE,,
22,2,1,1,,PERSON_ONLY_TRACK,,,,9.970521492189576,"[825, 1171, 947, 1565]",True,,0,1,"[825, 1171, 947, 1565]",,,,,,,PERSON_ONLY_TRACK,,
22,3,2,2,,PERSON_ONLY_TRACK,,,,0.7021001577377319,"[918, 1097, 1058, 1473]",True,,0,1,"[918, 1097, 1058, 1473]",,,,,,,PERSON_ONLY_TRACK,,
22,4,3,3,,TRACKER_PREDICTED,,,,0.9962520709786098,"[833, 1193, 950, 1581]",True,,0,1,"[917, 1206, 939, 1236]",,,,,,,TRACKER_PREDICTED,DETECTORS_MISSED,
23,0,0,0,0.9998017293964148,CONFIRMED,0.9999999574082294,0.9995043873786926,0.9998017293964148,20.896093771157503,"[854, 400, 927, 751]",False,snapshots/person_0/0_1781654350042.jpg,1,1,"[893, 415, 914, 448]",0.00027988329714640197,137.32900432900433,5,True,True,True,ACCEPTABLE,,
23,2,1,1,,PERSON_ONLY_TRACK,,,,9.970521492189576,"[822, 1148, 932, 1534]",True,,0,1,"[822, 1148, 932, 1534]",,,,,,,PERSON_ONLY_TRACK,,
23,3,2,2,,PERSON_ONLY_TRACK,,,,0.7021001577377319,"[912, 1079, 1023, 1504]",True,,0,1,"[912, 1079, 1023, 1504]",,,,,,,PERSON_ONLY_TRACK,,
23,4,3,3,,TRACKER_PREDICTED,,,,0.9962520709786098,"[833, 1193, 950, 1581]",True,,0,1,"[917, 1206, 939, 1236]",,,,,,,TRACKER_PREDICTED,DETECTORS_MISSED,
24,0,0,0,0.9882671870271259,TRACKER_CONTINUITY_OVERRIDE,0.9882671870271259,0.0,0.9882671870271259,21.88436095818463,"[854, 400, 928, 752]",True,snapshots/person_0/0_1781654353507.jpg,1,1,"[891, 411, 918, 454]",0.0004688953939205955,145.13695090439276,5,True,True,True,ACCEPTABLE,,
24,2,1,1,,PERSON_ONLY_TRACK,,,,9.970521492189576,"[817, 1120, 924, 1488]",True,,0,1,"[817, 1120, 924, 1488]",,,,,,,PERSON_ONLY_TRACK,,
24,3,2,2,,PERSON_ONLY_TRACK,,,,0.7021001577377319,"[910, 1045, 1003, 1434]",True,,0,1,"[910, 1045, 1003, 1434]",,,,,,,PERSON_ONLY_TRACK,,
24,4,3,3,,TRACKER_PREDICTED,,,,0.9962520709786098,"[833, 1193, 950, 1581]",True,,0,1,"[917, 1206, 939, 1236]",,,,,,,TRACKER_PREDICTED,DETECTORS_MISSED,
25,0,0,0,0.9992662254916148,CONFIRMED,0.9998566812850562,0.9983805418014526,0.9992662254916148,22.883627183676243,"[854, 400, 928, 752]",False,snapshots/person_0/0_1781654356785.jpg,1,1,"[891, 411, 918, 454]",0.0004688953939205955,144.9715762273902,5,True,True,True,ACCEPTABLE,,
25,2,1,1,,PERSON_ONLY_TRACK,,,,9.970521492189576,"[814, 1105, 918, 1484]",True,,0,1,"[814, 1105, 918, 1484]",,,,,,,PERSON_ONLY_TRACK,,
25,3,2,2,,PERSON_ONLY_TRACK,,,,0.7021001577377319,"[909, 1021, 1001, 1405]",True,,0,1,"[909, 1021, 1001, 1405]",,,,,,,PERSON_ONLY_TRACK,,
25,4,3,3,,TRACKER_PREDICTED,,,,0.9962520709786098,"[833, 1193, 950, 1581]",True,,0,1,"[917, 1206, 939, 1236]",,,,,,,TRACKER_PREDICTED,DETECTORS_MISSED,
26,2,1,1,0.996063151551767,TRACKER_CONTINUITY_OVERRIDE,0.9960631515517668,0.0,0.996063151551767,10.966584643741342,"[798, 1085, 917, 1483]",True,snapshots/person_1/1_1781654360170.jpg,1,1,"[872, 1146, 891, 1173]",0.00020718633684863524,73.92787524366472,5,True,True,True,ACCEPTABLE,,
26,0,0,0,0.9960028757780058,CONFIRMED,0.994302569185572,0.9985533356666565,0.9960028757780058,23.87963005945425,"[854, 400, 928, 752]",False,snapshots/person_0/0_1781654360506.jpg,1,1,"[893, 416, 914, 449]",0.00027988329714640197,139.28571428571428,5,True,True,True,ACCEPTABLE,,
26,3,2,2,,PERSON_ONLY_TRACK,,,,0.7021001577377319,"[895, 987, 995, 1374]",True,,0,1,"[895, 987, 995, 1374]",,,,,,,PERSON_ONLY_TRACK,,
26,4,3,3,,TRACKER_PREDICTED,,,,0.9962520709786098,"[833, 1193, 950, 1581]",True,,0,1,"[917, 1206, 939, 1236]",,,,,,,TRACKER_PREDICTED,DETECTORS_MISSED,
27,2,1,1,0.9964288360071298,TRACKER_CONTINUITY_OVERRIDE,0.9964288360071298,0.0,0.9964288360071298,11.963013479748472,"[796, 1065, 891, 1457]",True,snapshots/person_1/1_1781654365420.jpg,1,1,"[860, 1123, 878, 1149]",0.00018901209677419354,78.30555555555556,5,True,True,True,ACCEPTABLE,,
27,0,0,0,0.9956281147579642,CONFIRMED,0.9950739082661424,0.996459424495697,0.9956281147579642,24.875258174212213,"[854, 400, 928, 752]",False,snapshots/person_0/0_1781654365743.jpg,1,1,"[893, 421, 915, 452]",0.0002754407051282051,141.22727272727272,5,True,True,True,ACCEPTABLE,,
27,3,2,2,,PERSON_ONLY_TRACK,,,,0.7021001577377319,"[878, 996, 999, 1331]",True,,0,1,"[878, 996, 999, 1331]",,,,,,,PERSON_ONLY_TRACK,,
27,4,3,3,,TRACKER_PREDICTED,,,,0.9962520709786098,"[833, 1193, 950, 1581]",True,,0,1,"[917, 1206, 939, 1236]",,,,,,,TRACKER_PREDICTED,DETECTORS_MISSED,
28,3,2,3,0.9945983366270066,IDENTITY_CONFLICT,0.9945983366270065,0.0,0.9945983366270066,0.7021001577377319,"[875, 993, 999, 1322]",False,snapshots/person_3/3_1781654369114.jpg,1,1,"[930, 1028, 950, 1060]",0.0002584780810587262,92.0546875,5,True,True,True,ACCEPTABLE,,
28,0,0,0,0.9981680355048013,CONFIRMED,0.9998703734039983,0.9956145286560059,0.9981680355048013,25.873426209717014,"[854, 400, 928, 752]",False,snapshots/person_0/0_1781654369585.jpg,1,1,"[893, 421, 915, 452]",0.0002754407051282051,141.34457478005865,5,True,True,True,ACCEPTABLE,,
28,2,1,1,,PERSON_ONLY_TRACK,,,,11.963013479748472,"[796, 1049, 883, 1428]",True,,0,1,"[796, 1049, 883, 1428]",,,,,,,PERSON_ONLY_TRACK,,
28,4,3,3,,TRACKER_PREDICTED,,,,0.9962520709786098,"[833, 1193, 950, 1581]",True,,0,1,"[917, 1206, 939, 1236]",,,,,,,TRACKER_PREDICTED,DETECTORS_MISSED,
29,0,0,0,0.9978160257903304,CONFIRMED,0.9978417349801404,0.9977774620056152,0.9978160257903304,26.871242235507346,"[854, 400, 928, 752]",False,snapshots/person_0/0_1781654373542.jpg,1,1,"[891, 412, 919, 455]",0.0004862618899917287,146.6843853820598,5,True,True,True,ACCEPTABLE,,
29,2,1,1,,PERSON_ONLY_TRACK,,,,11.963013479748472,"[794, 1018, 879, 1392]",True,,0,1,"[794, 1018, 879, 1392]",,,,,,,PERSON_ONLY_TRACK,,
29,3,2,2,,PERSON_ONLY_TRACK,,,,0.7021001577377319,"[881, 968, 977, 1322]",True,,0,1,"[881, 968, 977, 1322]",,,,,,,PERSON_ONLY_TRACK,,
29,4,3,3,,TRACKER_PREDICTED,,,,0.9962520709786098,"[833, 1193, 950, 1581]",True,,0,1,"[917, 1206, 939, 1236]",,,,,,,TRACKER_PREDICTED,DETECTORS_MISSED,
30,0,0,0,0.9986775293884514,CONFIRMED,0.9987698619461455,0.9985390305519104,0.9986775293884514,27.869919764895798,"[854, 400, 928, 752]",False,snapshots/person_0/0_1781654376960.jpg,1,1,"[893, 420, 915, 452]",0.00028432588916459887,139.58664772727272,5,True,True,True,ACCEPTABLE,,
30,2,1,1,,PERSON_ONLY_TRACK,,,,11.963013479748472,"[793, 1004, 877, 1386]",True,,0,1,"[793, 1004, 877, 1386]",,,,,,,PERSON_ONLY_TRACK,,
30,3,2,2,,PERSON_ONLY_TRACK,,,,0.7021001577377319,"[885, 962, 965, 1323]",True,,0,1,"[885, 962, 965, 1323]",,,,,,,PERSON_ONLY_TRACK,,
30,4,3,3,,TRACKER_PREDICTED,,,,0.9962520709786098,"[833, 1193, 950, 1581]",True,,0,1,"[917, 1206, 939, 1236]",,,,,,,TRACKER_PREDICTED,DETECTORS_MISSED,
31,0,0,0,0.999526473590102,CONFIRMED,0.9999999548136629,0.9988162517547607,0.999526473590102,28.8694462384859,"[854, 400, 928, 752]",False,snapshots/person_0/0_1781654380305.jpg,1,1,"[893, 420, 915, 452]",0.00028432588916459887,139.58664772727272,5,True,True,True,ACCEPTABLE,,
31,2,1,1,,PERSON_ONLY_TRACK,,,,11.963013479748472,"[793, 1000, 877, 1377]",True,,0,1,"[793, 1000, 877, 1377]",,,,,,,PERSON_ONLY_TRACK,,
31,3,2,2,,PERSON_ONLY_TRACK,,,,0.7021001577377319,"[885, 956, 963, 1322]",True,,0,1,"[885, 956, 963, 1322]",,,,,,,PERSON_ONLY_TRACK,,
32,2,1,1,0.9859505900794604,TRACKER_CONTINUITY_OVERRIDE,0.9859505900794604,0.0,0.9859505900794604,12.948964069827932,"[791, 985, 875, 1332]",True,snapshots/person_1/1_1781654383620.jpg,1,1,"[840, 1042, 858, 1065]",0.00016720300868486353,75.7512077294686,5,True,True,True,ACCEPTABLE,,
32,0,0,0,0.9946312063519247,CONFIRMED,0.9961179285552911,0.992401123046875,0.9946312063519247,29.864077444837825,"[854, 400, 929, 752]",False,snapshots/person_0/0_1781654383943.jpg,1,1,"[893, 415, 915, 450]",0.00031098144127378,136.7,5,True,True,True,ACCEPTABLE,,
32,3,2,2,,PERSON_ONLY_TRACK,,,,0.7021001577377319,"[885, 944, 961, 1322]",True,,0,1,"[885, 944, 961, 1322]",,,,,,,PERSON_ONLY_TRACK,,
33,2,1,1,0.9963081740985679,TRACKER_CONTINUITY_OVERRIDE,0.9963081740985678,0.0,0.9963081740985679,13.9452722439265,"[783, 964, 870, 1309]",True,snapshots/person_1/1_1781654387220.jpg,1,1,"[839, 1016, 859, 1042]",0.00021001344086021506,77.68846153846154,5,True,True,True,ACCEPTABLE,,
33,0,0,0,0.9990787985154403,CONFIRMED,0.9986873074088517,0.9996660351753235,0.9990787985154403,30.863156243353266,"[854, 400, 929, 752]",False,snapshots/person_0/0_1781654387579.jpg,1,1,"[893, 415, 915, 449]",0.00030209625723738625,136.3903743315508,5,True,True,True,ACCEPTABLE,,
33,3,2,2,,PERSON_ONLY_TRACK,,,,0.7021001577377319,"[885, 937, 959, 1322]",True,,0,1,"[885, 937, 959, 1322]",,,,,,,PERSON_ONLY_TRACK,,
34,2,1,1,0.9966135732685932,TRACKER_CONTINUITY_OVERRIDE,0.9966135732685933,0.0,0.9966135732685932,14.941885817195093,"[776, 957, 868, 1309]",True,snapshots/person_1/1_1781654390940.jpg,1,1,"[835, 1011, 856, 1037]",0.0002205141129032258,80.76190476190476,5,True,True,True,ACCEPTABLE,,
34,0,0,0,0.9999078247879248,CONFIRMED,0.9999999956843426,0.9997695684432983,0.9999078247879248,31.863064068141192,"[854, 400, 929, 752]",False,snapshots/person_0/0_1781654391297.jpg,1,1,"[893, 415, 915, 450]",0.00031098144127378,136.7,5,True,True,True,ACCEPTABLE,,
34,3,2,2,,PERSON_ONLY_TRACK,,,,0.7021001577377319,"[886, 932, 959, 1321]",True,,0,1,"[886, 932, 959, 1321]",,,,,,,PERSON_ONLY_TRACK,,
35,2,1,1,0.9958702695712385,TRACKER_CONTINUITY_OVERRIDE,0.9958702695712385,0.0,0.9958702695712385,15.937756086766331,"[771, 951, 861, 1310]",True,snapshots/person_1/1_1781654394656.jpg,1,1,"[828, 1007, 847, 1030]",0.0001764920647229115,87.16475972540046,5,True,True,True,ACCEPTABLE,,
35,0,0,0,0.9971821248334279,CONFIRMED,0.9993119934866215,0.9939873218536377,0.9971821248334279,32.86024619297462,"[854, 400, 928, 752]",False,snapshots/person_0/0_1781654394999.jpg,1,1,"[893, 415, 915, 449]",0.00030209625723738625,135.90641711229947,5,True,True,True,ACCEPTABLE,,
35,3,2,2,,PERSON_ONLY_TRACK,,,,0.7021001577377319,"[883, 923, 966, 1305]",True,,0,1,"[883, 923, 966, 1305]",,,,,,,PERSON_ONLY_TRACK,,
36,2,1,1,0.9959535347912934,TRACKER_CONTINUITY_OVERRIDE,0.9959535347912936,0.0,0.9959535347912934,16.933709621557625,"[768, 935, 856, 1285]",True,snapshots/person_1/1_1781654398381.jpg,1,1,"[824, 987, 845, 1014]",0.00022899542493796525,94.2010582010582,5,True,True,True,ACCEPTABLE,,
36,0,0,0,0.9917553575227644,TRACKER_CONTINUITY_OVERRIDE,0.9917553575227644,0.0,0.9917553575227644,33.852001550497384,"[855, 400, 925, 752]",True,snapshots/person_0/0_1781654398711.jpg,1,1,"[894, 414, 914, 446]",0.0002584780810587262,134.996875,5,True,True,True,ACCEPTABLE,,
36,3,2,2,,PERSON_ONLY_TRACK,,,,0.7021001577377319,"[871, 915, 974, 1274]",True,,0,1,"[871, 915, 974, 1274]",,,,,,,PERSON_ONLY_TRACK,,
37,0,0,0,0.999455529396812,CONFIRMED,0.9999752937838103,0.9986758828163147,0.999455529396812,34.851457079894196,"[855, 400, 925, 752]",False,snapshots/person_0/0_1781654402528.jpg,1,1,"[894, 414, 914, 446]",0.0002584780810587262,134.9984375,5,True,True,True,ACCEPTABLE,,
37,2,1,1,0.9938661337090225,TRACKER_CONTINUITY_OVERRIDE,0.9938661337090224,0.0,0.9938661337090225,17.92757575526665,"[769, 927, 851, 1273]",True,snapshots/person_1/1_1781654402878.jpg,1,1,"[824, 977, 844, 1005]",0.00022616832092638544,92.75,5,True,True,True,ACCEPTABLE,,
37,3,2,2,,PERSON_ONLY_TRACK,,,,0.7021001577377319,"[863, 910, 969, 1271]",True,,0,1,"[863, 910, 969, 1271]",,,,,,,PERSON_ONLY_TRACK,,
38,0,0,0,0.9970019780969588,CONFIRMED,0.998800390855466,0.994304358959198,0.9970019780969588,35.84845905799116,"[855, 400, 925, 752]",False,snapshots/person_0/0_1781654406781.jpg,1,1,"[894, 414, 914, 447]",0.00026655552109181144,133.89545454545456,5,True,True,True,ACCEPTABLE,,
38,2,1,1,0.9950470731351873,TRACKER_CONTINUITY_OVERRIDE,0.9950470731351873,0.0,0.9950470731351873,18.922622828401835,"[770, 919, 849, 1252]",True,snapshots/person_1/1_1781654407116.jpg,1,1,"[816, 972, 837, 995]",0.00019507017679900744,88.0103519668737,5,True,True,True,ACCEPTABLE,,
38,3,2,2,,PERSON_ONLY_TRACK,,,,0.7021001577377319,"[843, 906, 949, 1271]",True,,0,1,"[843, 906, 949, 1271]",,,,,,,PERSON_ONLY_TRACK,,
39,2,1,1,0.9957576780979696,TRACKER_CONTINUITY_OVERRIDE,0.9957576780979696,0.0,0.9957576780979696,19.918380506499805,"[770, 913, 849, 1244]",True,snapshots/person_1/1_1781654410661.jpg,1,1,"[815, 964, 838, 991]",0.00025080451302729527,91.6280193236715,5,True,True,True,ACCEPTABLE,,
39,0,0,0,0.9982481251987805,CONFIRMED,0.9995777624900125,0.9962536692619324,0.9982481251987805,36.846707183189935,"[855, 400, 925, 752]",False,snapshots/person_0/0_1781654411047.jpg,1,1,"[894, 414, 914, 447]",0.00026655552109181144,132.15454545454546,5,True,True,True,ACCEPTABLE,,
39,3,2,2,,PERSON_ONLY_TRACK,,,,0.7021001577377319,"[833, 900, 938, 1261]",True,,0,1,"[833, 900, 938, 1261]",,,,,,,PERSON_ONLY_TRACK,,
40,2,1,1,0.9959616262715819,TRACKER_CONTINUITY_OVERRIDE,0.9959616262715819,0.0,0.9959616262715819,20.914342132771388,"[771, 912, 849, 1245]",True,snapshots/person_1/1_1781654414425.jpg,1,1,"[815, 961, 839, 988]",0.0002617090570719603,90.76543209876543,5,True,True,True,ACCEPTABLE,,
40,0,0,0,0.9934787578206262,CONFIRMED,0.9973076692589458,0.987735390663147,0.9934787578206262,37.84018594101056,"[855, 400, 926, 752]",False,snapshots/person_0/0_1781654414758.jpg,1,1,"[894, 414, 914, 448]",0.0002746329611248966,131.1235294117647,5,True,True,True,ACCEPTABLE,,
40,3,2,2,,PERSON_ONLY_TRACK,,,,0.7021001577377319,"[834, 893, 933, 1252]",True,,0,1,"[834, 893, 933, 1252]",,,,,,,PERSON_ONLY_TRACK,,
41,2,1,1,0.9940016899410178,TRACKER_CONTINUITY_OVERRIDE,0.9940016899410178,0.0,0.9940016899410178,21.908343822712407,"[773, 906, 849, 1236]",True,snapshots/person_1/1_1781654418115.jpg,1,1,"[817, 955, 838, 978]",0.00019507017679900744,81.50931677018633,5,True,True,True,ACCEPTABLE,,
41,0,0,0,0.9966639316863632,CONFIRMED,0.9969126841735205,0.9962908029556274,0.9966639316863632,38.836849872696924,"[855, 400, 926, 752]",False,snapshots/person_0/0_1781654418442.jpg,1,1,"[894, 414, 915, 449]",0.0002968459212158809,133.13061224489795,5,True,True,True,ACCEPTABLE,,
41,3,2,2,,PERSON_ONLY_TRACK,,,,0.7021001577377319,"[835, 879, 926, 1223]",True,,0,1,"[835, 879, 926, 1223]",,,,,,,PERSON_ONLY_TRACK,,
42,0,0,0,0.9897553999020088,CONFIRMED,0.9937402140421053,0.983778178691864,0.9897553999020088,39.82660527259893,"[855, 401, 925, 752]",False,snapshots/person_0/0_1781654421840.jpg,1,1,"[894, 414, 915, 448]",0.00028836460918114145,133.31932773109244,5,True,True,True,ACCEPTABLE,,
42,2,1,1,,PERSON_ONLY_TRACK,,,,21.908343822712407,"[770, 900, 851, 1224]",True,,0,1,"[770, 900, 851, 1224]",,,,,,,PERSON_ONLY_TRACK,,
42,3,2,2,,PERSON_ONLY_TRACK,,,,0.7021001577377319,"[839, 901, 924, 1206]",True,,0,1,"[839, 901, 924, 1206]",,,,,,,PERSON_ONLY_TRACK,,
43,0,0,0,0.9965393987362904,CONFIRMED,0.9997223163752625,0.991765022277832,0.9965393987362904,40.82314467133522,"[855, 401, 926, 752]",False,snapshots/person_0/0_1781654425180.jpg,1,1,"[894, 414, 915, 448]",0.00028836460918114145,132.1918767507003,5,True,True,True,ACCEPTABLE,,
43,2,1,1,,PERSON_ONLY_TRACK,,,,21.908343822712407,"[771, 896, 851, 1224]",True,,0,1,"[771, 896, 851, 1224]",,,,,,,PERSON_ONLY_TRACK,,
43,3,2,2,,PERSON_ONLY_TRACK,,,,0.7021001577377319,"[840, 869, 926, 1199]",True,,0,1,"[840, 869, 926, 1199]",,,,,,,PERSON_ONLY_TRACK,,
44,0,0,0,0.9896035205586471,CONFIRMED,0.9955748735639318,0.9806464910507202,0.9896035205586471,41.81274819189387,"[856, 401, 927, 752]",False,snapshots/person_0/0_1781654428517.jpg,1,1,"[894, 415, 915, 450]",0.0002968459212158809,132.44761904761904,5,True,True,True,ACCEPTABLE,,
44,2,1,1,,PERSON_ONLY_TRACK,,,,21.908343822712407,"[768, 890, 847, 1224]",True,,0,1,"[768, 890, 847, 1224]",,,,,,,PERSON_ONLY_TRACK,,
44,3,2,2,,PERSON_ONLY_TRACK,,,,0.7021001577377319,"[840, 870, 915, 1174]",True,,0,1,"[840, 870, 915, 1174]",,,,,,,PERSON_ONLY_TRACK,,
45,0,0,0,0.9943525726810262,CONFIRMED,0.9985790542786595,0.9880128502845764,0.9943525726810262,42.80710076457489,"[856, 401, 928, 752]",False,snapshots/person_0/0_1781654432999.jpg,1,1,"[894, 415, 916, 450]",0.00031098144127378,133.43506493506493,5,True,True,True,ACCEPTABLE,,
45,2,1,1,,PERSON_ONLY_TRACK,,,,21.908343822712407,"[762, 881, 842, 1215]",True,,0,1,"[762, 881, 842, 1215]",,,,,,,PERSON_ONLY_TRACK,,
45,3,2,2,,PERSON_ONLY_TRACK,,,,0.7021001577377319,"[836, 856, 924, 1173]",True,,0,1,"[836, 856, 924, 1173]",,,,,,,PERSON_ONLY_TRACK,,
46,0,0,0,0.990205308933427,CONFIRMED,0.9972816260976427,0.9795908331871033,0.990205308933427,43.79730607350832,"[855, 401, 929, 752]",False,snapshots/person_0/0_1781654437015.jpg,1,1,"[895, 415, 916, 450]",0.0002968459212158809,131.64625850340136,5,True,True,True,ACCEPTABLE,,
46,2,1,1,,PERSON_ONLY_TRACK,,,,21.908343822712407,"[758, 875, 836, 1212]",True,,0,1,"[758, 875, 836, 1212]",,,,,,,PERSON_ONLY_TRACK,,
46,3,2,2,,PERSON_ONLY_TRACK,,,,0.7021001577377319,"[835, 847, 922, 1195]",True,,0,1,"[835, 847, 922, 1195]",,,,,,,PERSON_ONLY_TRACK,,
47,0,0,0,0.9899278292213318,CONFIRMED,0.9952267224845683,0.981979489326477,0.9899278292213318,44.787233902729646,"[855, 402, 929, 752]",False,snapshots/person_0/0_1781654441005.jpg,1,1,"[895, 414, 916, 448]",0.00028836460918114145,132.43697478991598,5,True,True,True,ACCEPTABLE,,
47,2,1,1,,PERSON_ONLY_TRACK,,,,21.908343822712407,"[756, 858, 835, 1184]",True,,0,1,"[756, 858, 835, 1184]",,,,,,,PERSON_ONLY_TRACK,,
47,3,2,2,,PERSON_ONLY_TRACK,,,,0.7021001577377319,"[829, 845, 921, 1166]",True,,0,1,"[829, 845, 921, 1166]",,,,,,,PERSON_ONLY_TRACK,,
48,0,0,0,0.9875705542876522,TRACKER_CONTINUITY_OVERRIDE,0.9875705542876521,0.0,0.9875705542876522,45.7748044570173,"[855, 402, 928, 751]",True,snapshots/person_0/0_1781654445327.jpg,1,1,"[895, 416, 917, 448]",0.00028432588916459887,137.0994318181818,5,True,True,True,ACCEPTABLE,,
48,5,3,3,0.9956738299148438,INITIAL_RECOGNITION,0.9956738299148439,0.0,0.9956738299148438,0.9956738299148438,"[852, 259, 881, 380]",True,snapshots/person_3/3_1781654445864.jpg,1,1,"[859, 265, 874, 286]",0.00012721968052109182,117.5111111111111,5,True,True,True,ACCEPTABLE,,"2,3"
48,2,1,1,,PERSON_ONLY_TRACK,,,,21.908343822712407,"[756, 853, 831, 1173]",True,,0,1,"[756, 853, 831, 1173]",,,,,,,PERSON_ONLY_TRACK,,
48,3,2,2,,PERSON_ONLY_TRACK,,,,0.7021001577377319,"[821, 833, 916, 1154]",True,,0,1,"[821, 833, 916, 1154]",,,,,,,PERSON_ONLY_TRACK,,
49,0,0,0,0.9936276202306578,CONFIRMED,0.9978458492135719,0.9873002767562866,0.9936276202306578,46.76843207724795,"[855, 402, 929, 751]",False,snapshots/person_0/0_1781654449664.jpg,1,1,"[895, 415, 917, 449]",0.00030209625723738625,137.10828877005346,5,True,True,True,ACCEPTABLE,,
49,5,3,3,0.9703981983080004,CONFIRMED,0.9982782382790404,0.9285781383514404,0.9703981983080004,1.966072028222844,"[852, 258, 881, 385]",False,snapshots/person_3/3_1781654450003.jpg,1,1,"[859, 264, 874, 286]",0.00013327776054590572,110.64545454545454,5,True,True,True,ACCEPTABLE,,
49,2,1,1,,PERSON_ONLY_TRACK,,,,21.908343822712407,"[756, 848, 828, 1171]",True,,0,1,"[756, 848, 828, 1171]",,,,,,,PERSON_ONLY_TRACK,,
49,3,2,2,,PERSON_ONLY_TRACK,,,,0.7021001577377319,"[820, 829, 914, 1156]",True,,0,1,"[820, 829, 914, 1156]",,,,,,,PERSON_ONLY_TRACK,,
50,0,0,0,0.9969130543499288,CONFIRMED,0.9969130543499288,0.0,0.9969130543499288,47.76534513159788,"[855, 403, 929, 751]",False,snapshots/person_0/0_1781654454213.jpg,1,1,"[896, 415, 917, 448]",0.00027988329714640197,133.8138528138528,5,True,True,True,ACCEPTABLE,,
50,5,3,3,0.9475184516132118,CONFIRMED,0.9984825578034325,0.8710722923278809,0.9475184516132118,2.913590479836056,"[846, 259, 878, 386]",False,snapshots/person_3/3_1781654454531.jpg,1,1,"[854, 265, 870, 287]",0.00014216294458229943,115.70170454545455,5,True,True,True,ACCEPTABLE,,
50,2,1,1,,PERSON_ONLY_TRACK,,,,21.908343822712407,"[758, 842, 828, 1166]",True,,0,1,"[758, 842, 828, 1166]",,,,,,,PERSON_ONLY_TRACK,,
50,3,2,2,,PERSON_ONLY_TRACK,,,,0.7021001577377319,"[816, 829, 911, 1160]",True,,0,1,"[816, 829, 911, 1160]",,,,,,,PERSON_ONLY_TRACK,,
51,5,3,3,0.9489812194246052,CONFIRMED,0.9972738919883964,0.8765422105789185,0.9489812194246052,3.862571699260661,"[845, 260, 874, 381]",False,snapshots/person_3/3_1781654457820.jpg,1,1,"[852, 266, 867, 287]",0.00012721968052109182,108.86984126984127,5,True,True,True,ACCEPTABLE,,
51,0,0,4,0.9960598445579157,FRAME_ID_CONFLICT_NEW_IDENTITY,0.9960598445579157,0.0,0.9960598445579157,47.76534513159788,"[855, 403, 929, 751]",True,snapshots/person_4/4_1781654458076.jpg,1,1,"[901, 408, 917, 429]",0.00013570099255583127,123.02380952380952,5,True,True,True,ACCEPTABLE,,
51,2,1,1,,PERSON_ONLY_TRACK,,,,21.908343822712407,"[760, 831, 828, 1139]",True,,0,1,"[760, 831, 828, 1139]",,,,,,,PERSON_ONLY_TRACK,,
51,3,2,2,,PERSON_ONLY_TRACK,,,,0.7021001577377319,"[813, 824, 905, 1151]",True,,0,1,"[813, 824, 905, 1151]",,,,,,,PERSON_ONLY_TRACK,,
52,0,0,0,0.9872516175368239,TRACKER_CONTINUITY_OVERRIDE,0.9872516175368238,0.0,0.9872516175368239,48.7525967491347,"[854, 403, 930, 752]",True,snapshots/person_0/0_1781654461424.jpg,1,1,"[898, 415, 919, 447]",0.00027140198511166254,132.93005952380952,5,True,True,True,ACCEPTABLE,,
52,2,1,1,,PERSON_ONLY_TRACK,,,,21.908343822712407,"[760, 826, 828, 1132]",True,,0,1,"[760, 826, 828, 1132]",,,,,,,PERSON_ONLY_TRACK,,
52,3,2,2,,PERSON_ONLY_TRACK,,,,0.7021001577377319,"[816, 820, 901, 1133]",True,,0,1,"[816, 820, 901, 1133]",,,,,,,PERSON_ONLY_TRACK,,
52,5,3,3,,PERSON_ONLY_TRACK,,,,3.862571699260661,"[820, 255, 880, 535]",True,,0,1,"[820, 255, 880, 535]",,,,,,,PERSON_ONLY_TRACK,,
53,5,3,3,0.9938776222270514,TRACKER_CONTINUITY_OVERRIDE,0.9938776222270514,0.0,0.9938776222270514,4.8564493214877125,"[834, 259, 867, 398]",True,snapshots/person_3/3_1781654464798.jpg,1,1,"[842, 266, 859, 290]",0.00016477977667493798,124.73529411764706,5,True,True,True,ACCEPTABLE,,
53,0,0,0,0.9930853780992619,CONFIRMED,0.9975058133217679,0.9864547252655029,0.9930853780992619,49.74568212723396,"[854, 404, 931, 752]",False,snapshots/person_0/0_1781654465133.jpg,1,1,"[899, 416, 919, 446]",0.00024232320099255584,130.91333333333333,5,True,True,True,ACCEPTABLE,,
53,2,1,1,,PERSON_ONLY_TRACK,,,,21.908343822712407,"[758, 816, 827, 1118]",True,,0,1,"[758, 816, 827, 1118]",,,,,,,PERSON_ONLY_TRACK,,
53,3,2,2,,PERSON_ONLY_TRACK,,,,0.7021001577377319,"[814, 807, 894, 1139]",True,,0,1,"[814, 807, 894, 1139]",,,,,,,PERSON_ONLY_TRACK,,
54,0,0,0,,PERSON_ONLY_TRACK,,,,49.74568212723396,"[854, 404, 931, 752]",True,,0,1,"[854, 404, 931, 752]",,,,,,,PERSON_ONLY_TRACK,,
54,2,1,1,,PERSON_ONLY_TRACK,,,,21.908343822712407,"[752, 807, 824, 1113]",True,,0,1,"[752, 807, 824, 1113]",,,,,,,PERSON_ONLY_TRACK,,
54,3,2,2,,PERSON_ONLY_TRACK,,,,0.7021001577377319,"[812, 804, 892, 1124]",True,,0,1,"[812, 804, 892, 1124]",,,,,,,PERSON_ONLY_TRACK,,
54,5,3,3,,TRACKER_PREDICTED,,,,4.8564493214877125,"[834, 259, 867, 398]",True,,0,1,"[842, 266, 859, 290]",,,,,,,TRACKER_PREDICTED,DETECTORS_MISSED,
55,0,0,0,,PERSON_ONLY_TRACK,,,,49.74568212723396,"[854, 404, 932, 752]",True,,0,1,"[854, 404, 932, 752]",,,,,,,PERSON_ONLY_TRACK,,
55,2,1,1,,PERSON_ONLY_TRACK,,,,21.908343822712407,"[752, 808, 820, 1112]",True,,0,1,"[752, 808, 820, 1112]",,,,,,,PERSON_ONLY_TRACK,,
55,3,2,2,,PERSON_ONLY_TRACK,,,,0.7021001577377319,"[810, 807, 892, 1125]",True,,0,1,"[810, 807, 892, 1125]",,,,,,,PERSON_ONLY_TRACK,,
55,5,3,3,,TRACKER_PREDICTED,,,,4.8564493214877125,"[834, 259, 867, 398]",True,,0,1,"[842, 266, 859, 290]",,,,,,,TRACKER_PREDICTED,DETECTORS_MISSED,
56,0,0,0,0.9891228578316003,TRACKER_CONTINUITY_OVERRIDE,0.9891228578316004,0.0,0.9891228578316003,50.734804985065566,"[855, 404, 932, 752]",True,snapshots/person_0/0_1781654474506.jpg,1,1,"[904, 421, 925, 453]",0.00027140198511166254,140.0014880952381,5,True,True,True,ACCEPTABLE,,
56,2,1,1,,PERSON_ONLY_TRACK,,,,21.908343822712407,"[751, 800, 815, 1098]",True,,0,1,"[751, 800, 815, 1098]",,,,,,,PERSON_ONLY_TRACK,,
56,3,2,2,,PERSON_ONLY_TRACK,,,,0.7021001577377319,"[811, 792, 890, 1112]",True,,0,1,"[811, 792, 890, 1112]",,,,,,,PERSON_ONLY_TRACK,,
56,5,3,3,,PERSON_ONLY_TRACK,,,,4.8564493214877125,"[810, 255, 879, 525]",True,,0,1,"[810, 255, 879, 525]",,,,,,,PERSON_ONLY_TRACK,,
57,0,0,0,0.9913439443105676,TRACKER_CONTINUITY_OVERRIDE,0.9913439443105676,0.0,0.9913439443105676,51.72614892937613,"[854, 405, 932, 752]",True,snapshots/person_0/0_1781654477828.jpg,1,1,"[906, 421, 926, 454]",0.00026655552109181144,136.8560606060606,5,True,True,True,ACCEPTABLE,,
57,2,1,1,0.9721094540904512,TRACKER_CONTINUITY_OVERRIDE,0.9721094540904512,0.0,0.9721094540904512,22.880453276802857,"[747, 786, 820, 1076]",True,snapshots/person_1/1_1781654478191.jpg,1,1,"[804, 790, 834, 831]",0.0004967625620347395,174.3959349593496,5,True,True,True,ACCEPTABLE,,
57,3,2,2,,PERSON_ONLY_TRACK,,,,0.7021001577377319,"[811, 789, 888, 1113]",True,,0,1,"[811, 789, 888, 1113]",,,,,,,PERSON_ONLY_TRACK,,
57,5,3,3,,PERSON_ONLY_TRACK,,,,4.8564493214877125,"[806, 253, 880, 532]",True,,0,1,"[806, 253, 880, 532]",,,,,,,PERSON_ONLY_TRACK,,
58,0,0,0,0.9940522940523627,TRACKER_CONTINUITY_OVERRIDE,0.9940522940523627,0.0,0.9940522940523627,52.72020122342849,"[855, 406, 932, 751]",True,snapshots/person_0/0_1781654481713.jpg,1,1,"[906, 421, 927, 453]",0.00027140198511166254,130.76190476190476,5,True,True,True,ACCEPTABLE,,
58,2,1,1,,PERSON_ONLY_TRACK,,,,22.880453276802857,"[746, 783, 811, 1066]",True,,0,1,"[746, 783, 811, 1066]",,,,,,,PERSON_ONLY_TRACK,,
58,3,2,2,,PERSON_ONLY_TRACK,,,,0.7021001577377319,"[803, 785, 889, 1085]",True,,0,1,"[803, 785, 889, 1085]",,,,,,,PERSON_ONLY_TRACK,,
58,5,3,3,,TRACKER_PREDICTED,,,,4.8564493214877125,"[806, 253, 880, 532]",True,,0,1,"[806, 253, 880, 532]",,,,,,,TRACKER_PREDICTED,DETECTORS_MISSED,
59,0,0,0,0.9905870446737055,TRACKER_CONTINUITY_OVERRIDE,0.9905870446737055,0.0,0.9905870446737055,53.71078826810219,"[855, 406, 933, 751]",True,snapshots/person_0/0_1781654485482.jpg,1,1,"[909, 415, 928, 443]",0.00021485990488006617,126.37406015037594,5,True,True,True,ACCEPTABLE,,
59,3,2,4,0.9796222403150538,IDENTITY_CONFLICT,0.9796222403150538,0.0,0.9796222403150538,0.7021001577377319,"[797, 772, 889, 1100]",False,snapshots/person_4/4_1781654485898.jpg,1,1,"[801, 756, 836, 794]",0.0005371497622001654,171.42255639097743,5,True,True,True,ACCEPTABLE,,
59,2,1,1,,PERSON_ONLY_TRACK,,,,22.880453276802857,"[742, 773, 817, 1059]",True,,0,1,"[742, 773, 817, 1059]",,,,,,,PERSON_ONLY_TRACK,,
59,5,3,3,,PERSON_ONLY_TRACK,,,,4.8564493214877125,"[799, 254, 878, 529]",True,,0,1,"[799, 254, 878, 529]",,,,,,,PERSON_ONLY_TRACK,,
60,0,0,0,0.9942387302349872,TRACKER_CONTINUITY_OVERRIDE,0.9942387302349872,0.0,0.9942387302349872,54.70502699833718,"[855, 407, 934, 752]",True,snapshots/person_0/0_1781654489303.jpg,1,1,"[907, 426, 927, 458]",0.0002584780810587262,126.790625,5,True,True,True,ACCEPTABLE,,
60,3,2,4,0.9728431424025091,IDENTITY_CONFLICT,0.9728431424025091,0.0,0.9728431424025091,0.7021001577377319,"[794, 770, 886, 1076]",False,snapshots/person_4/4_1781654489651.jpg,1,1,"[800, 757, 838, 792]",0.0005371497622001654,173.90300751879698,5,True,True,True,ACCEPTABLE,,
60,2,1,1,,PERSON_ONLY_TRACK,,,,22.880453276802857,"[743, 768, 812, 1060]",True,,0,1,"[743, 768, 812, 1060]",,,,,,,PERSON_ONLY_TRACK,,
60,5,3,3,,TRACKER_PREDICTED,,,,4.8564493214877125,"[799, 254, 878, 529]",True,,0,1,"[799, 254, 878, 529]",,,,,,,TRACKER_PREDICTED,DETECTORS_MISSED,
61,0,0,4,0.994325440916543,IDENTITY_CONFLICT,0.994325440916543,0.0,0.994325440916543,54.70502699833718,"[861, 408, 934, 743]",False,snapshots/person_4/4_1781654493049.jpg,1,1,"[908, 426, 928, 458]",0.0002584780810587262,130.403125,5,True,True,True,ACCEPTABLE,,
61,3,2,4,0.9728053765461442,IDENTITY_CONFLICT,0.9728053765461443,0.0,0.9728053765461442,0.7021001577377319,"[792, 768, 884, 1070]",False,snapshots/person_4/4_1781654493399.jpg,1,1,"[799, 756, 836, 792]",0.0005379575062034739,171.4984984984985,5,True,True,True,ACCEPTABLE,,
61,2,1,1,,PERSON_ONLY_TRACK,,,,22.880453276802857,"[742, 768, 806, 1057]",True,,0,1,"[742, 768, 806, 1057]",,,,,,,PERSON_ONLY_TRACK,,
61,5,3,3,,TRACKER_PREDICTED,,,,4.8564493214877125,"[799, 254, 878, 529]",True,,0,1,"[799, 254, 878, 529]",,,,,,,TRACKER_PREDICTED,DETECTORS_MISSED,
62,0,0,4,0.994431607075995,IDENTITY_CONFLICT,0.994431607075995,0.0,0.994431607075995,54.70502699833718,"[861, 409, 933, 738]",False,snapshots/person_4/4_1781654496778.jpg,1,1,"[908, 427, 927, 458]",0.00023788060897435897,126.10865874363327,5,True,True,True,ACCEPTABLE,,
62,3,2,4,0.9760965243741154,IDENTITY_CONFLICT,0.9760965243741154,0.0,0.9760965243741154,0.7021001577377319,"[793, 769, 880, 1067]",False,snapshots/person_4/4_1781654497109.jpg,1,1,"[799, 755, 836, 793]",0.0005678440343258892,170.53556187766713,5,True,True,True,ACCEPTABLE,,
62,2,1,1,,PERSON_ONLY_TRACK,,,,22.880453276802857,"[743, 752, 805, 1034]",True,,0,1,"[743, 752, 805, 1034]",,,,,,,PERSON_ONLY_TRACK,,
62,5,3,3,,TRACKER_PREDICTED,,,,4.8564493214877125,"[799, 254, 878, 529]",True,,0,1,"[799, 254, 878, 529]",,,,,,,TRACKER_PREDICTED,DETECTORS_MISSED,
63,0,0,4,0.9941601257869436,IDENTITY_CONFLICT,0.9941601257869436,0.0,0.9941601257869436,54.70502699833718,"[861, 408, 934, 741]",False,snapshots/person_4/4_1781654500556.jpg,1,1,"[908, 427, 928, 458]",0.000250400641025641,129.00967741935483,5,True,True,True,ACCEPTABLE,,
63,2,1,1,,PERSON_ONLY_TRACK,,,,22.880453276802857,"[745, 742, 805, 1019]",True,,0,1,"[745, 742, 805, 1019]",,,,,,,PERSON_ONLY_TRACK,,
63,3,2,2,,PERSON_ONLY_TRACK,,,,0.7021001577377319,"[792, 758, 878, 1072]",True,,0,1,"[792, 758, 878, 1072]",,,,,,,PERSON_ONLY_TRACK,,
63,5,3,3,,TRACKER_PREDICTED,,,,4.8564493214877125,"[799, 254, 878, 529]",True,,0,1,"[799, 254, 878, 529]",,,,,,,TRACKER_PREDICTED,DETECTORS_MISSED,
64,0,0,4,0.9937782091375671,IDENTITY_CONFLICT,0.9937782091375671,0.0,0.9937782091375671,54.70502699833718,"[861, 409, 933, 742]",False,snapshots/person_4/4_1781654503873.jpg,1,1,"[908, 427, 928, 458]",0.000250400641025641,128.49354838709678,5,True,True,True,ACCEPTABLE,,
64,2,1,1,,PERSON_ONLY_TRACK,,,,22.880453276802857,"[743, 739, 805, 1017]",True,,0,1,"[743, 739, 805, 1017]",,,,,,,PERSON_ONLY_TRACK,,
64,3,2,2,,PERSON_ONLY_TRACK,,,,0.7021001577377319,"[792, 755, 874, 1070]",True,,0,1,"[792, 755, 874, 1070]",,,,,,,PERSON_ONLY_TRACK,,
64,5,3,3,,TRACKER_PREDICTED,,,,4.8564493214877125,"[799, 254, 878, 529]",True,,0,1,"[799, 254, 878, 529]",,,,,,,TRACKER_PREDICTED,DETECTORS_MISSED,
65,0,0,4,0.9941043176659938,IDENTITY_CONFLICT,0.9941043176659938,0.0,0.9941043176659938,54.70502699833718,"[862, 408, 933, 738]",False,snapshots/person_4/4_1781654507176.jpg,1,1,"[908, 426, 928, 458]",0.0002584780810587262,130.0796875,5,True,True,True,ACCEPTABLE,,
65,2,1,4,0.9941278591770119,IDENTITY_CONFLICT,0.9941278591770119,0.0,0.9941278591770119,22.880453276802857,"[737, 732, 804, 1018]",False,snapshots/person_4/4_1781654507500.jpg,1,1,"[769, 743, 790, 773]",0.00025443936104218364,91.24285714285715,5,True,True,True,ACCEPTABLE,,
65,3,2,2,,PERSON_ONLY_TRACK,,,,0.7021001577377319,"[789, 747, 870, 1025]",True,,0,1,"[789, 747, 870, 1025]",,,,,,,PERSON_ONLY_TRACK,,
65,5,3,3,,TRACKER_PREDICTED,,,,4.8564493214877125,"[799, 254, 878, 529]",True,,0,1,"[799, 254, 878, 529]",,,,,,,TRACKER_PREDICTED,DETECTORS_MISSED,
66,0,0,4,0.9925387673972369,IDENTITY_CONFLICT,0.992538767397237,0.0,0.9925387673972369,54.70502699833718,"[861, 408, 933, 738]",False,snapshots/person_4/4_1781654510761.jpg,1,1,"[906, 424, 927, 454]",0.00025443936104218364,128.11111111111111,5,True,True,True,ACCEPTABLE,,
66,2,1,1,,PERSON_ONLY_TRACK,,,,22.880453276802857,"[736, 729, 800, 1014]",True,,0,1,"[736, 729, 800, 1014]",,,,,,,PERSON_ONLY_TRACK,,
66,3,2,2,,PERSON_ONLY_TRACK,,,,0.7021001577377319,"[784, 737, 864, 1024]",True,,0,1,"[784, 737, 864, 1024]",,,,,,,PERSON_ONLY_TRACK,,
66,5,3,3,,TRACKER_PREDICTED,,,,4.8564493214877125,"[799, 254, 878, 529]",True,,0,1,"[799, 254, 878, 529]",,,,,,,TRACKER_PREDICTED,DETECTORS_MISSED,
67,0,0,4,0.9869684917131946,IDENTITY_CONFLICT,0.9869684917131946,0.0,0.9869684917131946,54.70502699833718,"[861, 407, 933, 742]",False,snapshots/person_4/4_1781654514104.jpg,1,1,"[906, 423, 928, 455]",0.00028432588916459887,137.41477272727272,5,True,True,True,ACCEPTABLE,,
67,2,1,1,,PERSON_ONLY_TRACK,,,,22.880453276802857,"[734, 721, 804, 1007]",True,,0,1,"[734, 721, 804, 1007]",,,,,,,PERSON_ONLY_TRACK,,
67,3,2,2,,PERSON_ONLY_TRACK,,,,0.7021001577377319,"[783, 735, 862, 1025]",True,,0,1,"[783, 735, 862, 1025]",,,,,,,PERSON_ONLY_TRACK,,
67,5,3,3,,TRACKER_PREDICTED,,,,4.8564493214877125,"[799, 254, 878, 529]",True,,0,1,"[799, 254, 878, 529]",,,,,,,TRACKER_PREDICTED,DETECTORS_MISSED,
68,0,0,4,0.9900418389343962,IDENTITY_CONFLICT,0.9900418389343963,0.0,0.9900418389343962,54.70502699833718,"[860, 405, 933, 747]",False,snapshots/person_4/4_1781654517407.jpg,1,1,"[906, 422, 925, 452]",0.00023020704094292804,131.67543859649123,5,True,True,True,ACCEPTABLE,,
68,2,1,1,,PERSON_ONLY_TRACK,,,,22.880453276802857,"[729, 711, 801, 984]",True,,0,1,"[729, 711, 801, 984]",,,,,,,PERSON_ONLY_TRACK,,
68,3,2,2,,PERSON_ONLY_TRACK,,,,0.7021001577377319,"[782, 740, 857, 1020]",True,,0,1,"[782, 740, 857, 1020]",,,,,,,PERSON_ONLY_TRACK,,
68,5,3,3,,TRACKER_PREDICTED,,,,4.8564493214877125,"[799, 254, 878, 529]",True,,0,1,"[799, 254, 878, 529]",,,,,,,TRACKER_PREDICTED,DETECTORS_MISSED,
69,0,0,4,0.9874707850982483,IDENTITY_CONFLICT,0.9874707850982483,0.0,0.9874707850982483,54.70502699833718,"[860, 405, 933, 747]",False,snapshots/person_4/4_1781654520881.jpg,1,1,"[906, 421, 926, 453]",0.0002584780810587262,138.1453125,5,True,True,True,ACCEPTABLE,,
69,2,1,1,,PERSON_ONLY_TRACK,,,,22.880453276802857,"[726, 711, 794, 975]",True,,0,1,"[726, 711, 794, 975]",,,,,,,PERSON_ONLY_TRACK,,
69,3,2,2,,PERSON_ONLY_TRACK,,,,0.7021001577377319,"[780, 745, 854, 1012]",True,,0,1,"[780, 745, 854, 1012]",,,,,,,PERSON_ONLY_TRACK,,
69,5,3,3,,TRACKER_PREDICTED,,,,4.8564493214877125,"[799, 254, 878, 529]",True,,0,1,"[799, 254, 878, 529]",,,,,,,TRACKER_PREDICTED,DETECTORS_MISSED,
70,0,0,4,0.989266724327616,IDENTITY_CONFLICT,0.989266724327616,0.0,0.989266724327616,54.70502699833718,"[861, 405, 933, 747]",False,snapshots/person_4/4_1781654524300.jpg,1,1,"[905, 421, 925, 454]",0.00026655552109181144,136.70606060606062,5,True,True,True,ACCEPTABLE,,
70,2,1,1,,PERSON_ONLY_TRACK,,,,22.880453276802857,"[727, 710, 794, 974]",True,,0,1,"[727, 710, 794, 974]",,,,,,,PERSON_ONLY_TRACK,,
70,3,2,2,,PERSON_ONLY_TRACK,,,,0.7021001577377319,"[782, 751, 853, 1016]",True,,0,1,"[782, 751, 853, 1016]",,,,,,,PERSON_ONLY_TRACK,,
71,0,0,4,0.9898122730113234,IDENTITY_CONFLICT,0.9898122730113232,0.0,0.9898122730113234,54.70502699833718,"[861, 406, 933, 744]",False,snapshots/person_4/4_1781654527619.jpg,1,1,"[905, 422, 924, 453]",0.00023788060897435897,138.0899830220713,5,True,True,True,ACCEPTABLE,,
71,2,1,1,,PERSON_ONLY_TRACK,,,,22.880453276802857,"[730, 704, 791, 972]",True,,0,1,"[730, 704, 791, 972]",,,,,,,PERSON_ONLY_TRACK,,
71,3,2,2,,PERSON_ONLY_TRACK,,,,0.7021001577377319,"[781, 733, 852, 1016]",True,,0,1,"[781, 733, 852, 1016]",,,,,,,PERSON_ONLY_TRACK,,
71,6,5,5,0.6890298128128051,PERSON_ONLY_NEW_IDENTITY,,0.6890298128128052,0.6890298128128051,0.6890298128128051,"[773, 258, 848, 540]",True,,0,1,"[773, 258, 848, 540]",,,,,,,PERSON_ONLY,,
72,0,0,0,,PERSON_ONLY_TRACK,,,,54.70502699833718,"[855, 405, 931, 751]",True,,0,1,"[855, 405, 931, 751]",,,,,,,PERSON_ONLY_TRACK,,
72,2,1,1,,PERSON_ONLY_TRACK,,,,22.880453276802857,"[734, 697, 799, 959]",True,,0,1,"[734, 697, 799, 959]",,,,,,,PERSON_ONLY_TRACK,,
72,3,2,2,,PERSON_ONLY_TRACK,,,,0.7021001577377319,"[784, 709, 852, 1009]",True,,0,1,"[784, 709, 852, 1009]",,,,,,,PERSON_ONLY_TRACK,,
72,6,5,5,,TRACKER_PREDICTED,,,,0.6890298128128051,"[773, 258, 848, 540]",True,,0,1,"[773, 258, 848, 540]",,,,,,,TRACKER_PREDICTED,DETECTORS_MISSED,
73,0,0,0,,PERSON_ONLY_TRACK,,,,54.70502699833718,"[855, 404, 931, 751]",True,,0,1,"[855, 404, 931, 751]",,,,,,,PERSON_ONLY_TRACK,,
73,2,1,1,,PERSON_ONLY_TRACK,,,,22.880453276802857,"[737, 692, 803, 952]",True,,0,1,"[737, 692, 803, 952]",,,,,,,PERSON_ONLY_TRACK,,
73,3,2,2,,PERSON_ONLY_TRACK,,,,0.7021001577377319,"[784, 707, 852, 977]",True,,0,1,"[784, 707, 852, 977]",,,,,,,PERSON_ONLY_TRACK,,
73,6,5,5,,TRACKER_PREDICTED,,,,0.6890298128128051,"[773, 258, 848, 540]",True,,0,1,"[773, 258, 848, 540]",,,,,,,TRACKER_PREDICTED,DETECTORS_MISSED,
74,0,0,0,,PERSON_ONLY_TRACK,,,,54.70502699833718,"[854, 405, 931, 751]",True,,0,1,"[854, 405, 931, 751]",,,,,,,PERSON_ONLY_TRACK,,
74,2,1,1,,PERSON_ONLY_TRACK,,,,22.880453276802857,"[738, 690, 798, 946]",True,,0,1,"[738, 690, 798, 946]",,,,,,,PERSON_ONLY_TRACK,,
74,3,2,2,,PERSON_ONLY_TRACK,,,,0.7021001577377319,"[788, 700, 853, 985]",True,,0,1,"[788, 700, 853, 985]",,,,,,,PERSON_ONLY_TRACK,,
74,6,5,5,,TRACKER_PREDICTED,,,,0.6890298128128051,"[773, 258, 848, 540]",True,,0,1,"[773, 258, 848, 540]",,,,,,,TRACKER_PREDICTED,DETECTORS_MISSED,
75,0,0,4,0.9785829608267682,IDENTITY_CONFLICT,0.9785829608267682,0.0,0.9785829608267682,54.70502699833718,"[855, 404, 930, 751]",False,snapshots/person_4/4_1781654542105.jpg,1,1,"[898, 415, 925, 459]",0.0004797999379652605,147.77104377104376,5,True,True,True,ACCEPTABLE,,
75,2,1,4,0.9935327022491919,IDENTITY_CONFLICT,0.993532702249192,0.0,0.9935327022491919,22.880453276802857,"[742, 681, 797, 945]",False,snapshots/person_4/4_1781654542429.jpg,1,1,"[770, 685, 789, 711]",0.00019951276881720431,105.69635627530364,5,True,True,True,ACCEPTABLE,,
75,3,2,2,,PERSON_ONLY_TRACK,,,,0.7021001577377319,"[787, 689, 854, 986]",True,,0,1,"[787, 689, 854, 986]",,,,,,,PERSON_ONLY_TRACK,,
75,6,5,5,,TRACKER_PREDICTED,,,,0.6890298128128051,"[773, 258, 848, 540]",True,,0,1,"[773, 258, 848, 540]",,,,,,,TRACKER_PREDICTED,DETECTORS_MISSED,
76,0,0,4,0.9861793167372701,IDENTITY_CONFLICT,0.9861793167372701,0.0,0.9861793167372701,54.70502699833718,"[855, 403, 930, 751]",False,snapshots/person_4/4_1781654545780.jpg,1,1,"[898, 424, 917, 454]",0.00023020704094292804,134.51052631578946,5,True,True,True,ACCEPTABLE,,
76,2,1,1,,PERSON_ONLY_TRACK,,,,22.880453276802857,"[741, 680, 798, 945]",True,,0,1,"[741, 680, 798, 945]",,,,,,,PERSON_ONLY_TRACK,,
76,3,2,2,,PERSON_ONLY_TRACK,,,,0.7021001577377319,"[788, 688, 853, 976]",True,,0,1,"[788, 688, 853, 976]",,,,,,,PERSON_ONLY_TRACK,,
76,6,5,5,,TRACKER_PREDICTED,,,,0.6890298128128051,"[773, 258, 848, 540]",True,,0,1,"[773, 258, 848, 540]",,,,,,,TRACKER_PREDICTED,DETECTORS_MISSED,
77,0,0,0,0.9893180320635425,CONFIRMED,0.9893180320635426,0.0,0.9893180320635425,55.694345030400726,"[855, 403, 931, 751]",False,snapshots/person_0/0_1781654549037.jpg,1,1,"[897, 423, 917, 454]",0.000250400641025641,134.30322580645162,5,True,True,True,ACCEPTABLE,,
77,2,1,1,,PERSON_ONLY_TRACK,,,,22.880453276802857,"[740, 675, 800, 943]",True,,0,1,"[740, 675, 800, 943]",,,,,,,PERSON_ONLY_TRACK,,
77,3,2,2,,PERSON_ONLY_TRACK,,,,0.7021001577377319,"[787, 685, 853, 975]",True,,0,1,"[787, 685, 853, 975]",,,,,,,PERSON_ONLY_TRACK,,
77,6,5,5,,TRACKER_PREDICTED,,,,0.6890298128128051,"[773, 258, 848, 540]",True,,0,1,"[773, 258, 848, 540]",,,,,,,TRACKER_PREDICTED,DETECTORS_MISSED,
78,0,0,3,0.9955605603853551,IDENTITY_CONFLICT,0.9955605603853552,0.0,0.9955605603853551,55.694345030400726,"[855, 403, 931, 752]",False,snapshots/person_3/3_1781654552329.jpg,1,1,"[897, 422, 916, 452]",0.00023020704094292804,131.85087719298247,5,True,True,True,ACCEPTABLE,,
78,2,1,1,,PERSON_ONLY_TRACK,,,,22.880453276802857,"[741, 669, 798, 933]",True,,0,1,"[741, 669, 798, 933]",,,,,,,PERSON_ONLY_TRACK,,
78,3,2,2,,PERSON_ONLY_TRACK,,,,0.7021001577377319,"[788, 690, 853, 975]",True,,0,1,"[788, 690, 853, 975]",,,,,,,PERSON_ONLY_TRACK,,
78,6,5,5,,TRACKER_PREDICTED,,,,0.6890298128128051,"[773, 258, 848, 540]",True,,0,1,"[773, 258, 848, 540]",,,,,,,TRACKER_PREDICTED,DETECTORS_MISSED,
79,0,0,3,0.9938022368502213,IDENTITY_CONFLICT,0.9938022368502213,0.0,0.9938022368502213,55.694345030400726,"[855, 403, 931, 752]",False,snapshots/person_3/3_1781654555675.jpg,1,1,"[897, 417, 917, 448]",0.000250400641025641,129.94838709677418,5,True,True,True,ACCEPTABLE,,
79,2,1,1,,PERSON_ONLY_TRACK,,,,22.880453276802857,"[740, 664, 796, 919]",True,,0,1,"[740, 664, 796, 919]",,,,,,,PERSON_ONLY_TRACK,,
79,3,2,2,,PERSON_ONLY_TRACK,,,,0.7021001577377319,"[790, 690, 854, 975]",True,,0,1,"[790, 690, 854, 975]",,,,,,,PERSON_ONLY_TRACK,,
79,6,5,5,,TRACKER_PREDICTED,,,,0.6890298128128051,"[773, 258, 848, 540]",True,,0,1,"[773, 258, 848, 540]",,,,,,,TRACKER_PREDICTED,DETECTORS_MISSED,
80,0,0,4,0.9839551509967526,IDENTITY_CONFLICT,0.9839551509967527,0.0,0.9839551509967526,55.694345030400726,"[854, 403, 931, 752]",False,snapshots/person_4/4_1781654558994.jpg,1,1,"[896, 424, 915, 452]",0.00021485990488006617,135.60902255639098,5,True,True,True,ACCEPTABLE,,
80,2,1,1,,PERSON_ONLY_TRACK,,,,22.880453276802857,"[741, 660, 799, 913]",True,,0,1,"[741, 660, 799, 913]",,,,,,,PERSON_ONLY_TRACK,,
80,3,2,2,,PERSON_ONLY_TRACK,,,,0.7021001577377319,"[788, 688, 858, 976]",True,,0,1,"[788, 688, 858, 976]",,,,,,,PERSON_ONLY_TRACK,,
80,6,5,5,,TRACKER_PREDICTED,,,,0.6890298128128051,"[773, 258, 848, 540]",True,,0,1,"[773, 258, 848, 540]",,,,,,,TRACKER_PREDICTED,DETECTORS_MISSED,
81,0,0,4,0.980973657213905,IDENTITY_CONFLICT,0.980973657213905,0.0,0.980973657213905,55.694345030400726,"[855, 403, 931, 751]",False,snapshots/person_4/4_1781654562309.jpg,1,1,"[896, 423, 915, 452]",0.00022253347291149712,134.51724137931035,5,True,True,True,ACCEPTABLE,,
81,2,1,1,,PERSON_ONLY_TRACK,,,,22.880453276802857,"[740, 657, 804, 909]",True,,0,1,"[740, 657, 804, 909]",,,,,,,PERSON_ONLY_TRACK,,
81,3,2,2,,PERSON_ONLY_TRACK,,,,0.7021001577377319,"[791, 685, 862, 976]",True,,0,1,"[791, 685, 862, 976]",,,,,,,PERSON_ONLY_TRACK,,
81,6,5,5,,TRACKER_PREDICTED,,,,0.6890298128128051,"[773, 258, 848, 540]",True,,0,1,"[773, 258, 848, 540]",,,,,,,TRACKER_PREDICTED,DETECTORS_MISSED,
82,0,0,4,0.9827883705096179,IDENTITY_CONFLICT,0.9827883705096178,0.0,0.9827883705096179,55.694345030400726,"[855, 403, 930, 752]",False,snapshots/person_4/4_1781654565700.jpg,1,1,"[896, 422, 915, 451]",0.00022253347291149712,134.1197822141561,5,True,True,True,ACCEPTABLE,,
82,7,4,4,0.9799849529545307,INITIAL_RECOGNITION,0.9799849529545307,0.0,0.9799849529545307,0.9799849529545307,"[636, 296, 668, 412]",True,snapshots/person_4/4_1781654566134.jpg,1,1,"[644, 302, 660, 322]",0.0001292390405293631,127.38125,5,True,True,True,ACCEPTABLE,,"4,5,6"
82,2,1,1,,PERSON_ONLY_TRACK,,,,22.880453276802857,"[741, 658, 805, 909]",True,,0,1,"[741, 658, 805, 909]",,,,,,,PERSON_ONLY_TRACK,,
82,3,2,2,,PERSON_ONLY_TRACK,,,,0.7021001577377319,"[796, 688, 865, 973]",True,,0,1,"[796, 688, 865, 973]",,,,,,,PERSON_ONLY_TRACK,,
83,0,0,0,0.9731381654661948,CONFIRMED,0.9945171673963557,0.9410696625709534,0.9731381654661948,56.66748319586692,"[855, 404, 931, 752]",False,snapshots/person_0/0_1781654569452.jpg,1,1,"[895, 423, 915, 452]",0.00023424576095947062,137.1689655172414,5,True,True,True,ACCEPTABLE,,
83,2,1,1,,PERSON_ONLY_TRACK,,,,22.880453276802857,"[743, 659, 809, 904]",True,,0,1,"[743, 659, 809, 904]",,,,,,,PERSON_ONLY_TRACK,,
83,3,2,2,,PERSON_ONLY_TRACK,,,,0.7021001577377319,"[799, 681, 869, 947]",True,,0,1,"[799, 681, 869, 947]",,,,,,,PERSON_ONLY_TRACK,,
83,8,6,6,0.7154922485351562,PERSON_ONLY_NEW_IDENTITY,,0.7154922485351562,0.7154922485351562,0.7154922485351562,"[730, 241, 784, 443]",True,,0,1,"[730, 241, 784, 443]",,,,,,,PERSON_ONLY,,
83,7,4,4,,TRACKER_PREDICTED,,,,0.9799849529545307,"[636, 296, 668, 412]",True,,0,1,"[644, 302, 660, 322]",,,,,,,TRACKER_PREDICTED,DETECTORS_MISSED,
84,0,0,0,0.9655171803362739,CONFIRMED,0.9920516695790113,0.925715446472168,0.9655171803362739,57.63300037620319,"[856, 405, 933, 753]",False,snapshots/person_0/0_1781654573080.jpg,1,1,"[896, 427, 914, 454]",0.00019628179280397023,135.42592592592592,5,True,True,True,ACCEPTABLE,,
84,2,1,1,,PERSON_ONLY_TRACK,,,,22.880453276802857,"[749, 656, 813, 898]",True,,0,1,"[749, 656, 813, 898]",,,,,,,PERSON_ONLY_TRACK,,
84,3,2,2,,PERSON_ONLY_TRACK,,,,0.7021001577377319,"[798, 674, 878, 937]",True,,0,1,"[798, 674, 878, 937]",,,,,,,PERSON_ONLY_TRACK,,
84,8,6,6,,PERSON_ONLY_TRACK,,,,0.7154922485351562,"[722, 240, 777, 500]",True,,0,1,"[722, 240, 777, 500]",,,,,,,PERSON_ONLY_TRACK,,
84,7,4,4,,TRACKER_PREDICTED,,,,0.9799849529545307,"[636, 296, 668, 412]",True,,0,1,"[644, 302, 660, 322]",,,,,,,TRACKER_PREDICTED,DETECTORS_MISSED,
85,0,0,0,0.965286320466389,CONFIRMED,0.998042653035107,0.9161518216133118,0.965286320466389,58.59828669666958,"[860, 407, 934, 744]",False,snapshots/person_0/0_1781654576479.jpg,1,1,"[897, 426, 915, 455]",0.00021082118486352358,134.0727969348659,5,True,True,True,ACCEPTABLE,,
85,2,1,1,,PERSON_ONLY_TRACK,,,,22.880453276802857,"[755, 651, 813, 896]",True,,0,1,"[755, 651, 813, 896]",,,,,,,PERSON_ONLY_TRACK,,
85,3,2,2,,PERSON_ONLY_TRACK,,,,0.7021001577377319,"[798, 670, 882, 936]",True,,0,1,"[798, 670, 882, 936]",,,,,,,PERSON_ONLY_TRACK,,
85,8,6,6,,PERSON_ONLY_TRACK,,,,0.7154922485351562,"[720, 239, 775, 501]",True,,0,1,"[720, 239, 775, 501]",,,,,,,PERSON_ONLY_TRACK,,
85,7,4,4,,TRACKER_PREDICTED,,,,0.9799849529545307,"[636, 296, 668, 412]",True,,0,1,"[644, 302, 660, 322]",,,,,,,TRACKER_PREDICTED,DETECTORS_MISSED,
86,0,0,0,0.9462851285048611,CONFIRMED,0.9967064458642216,0.8706531524658203,0.9462851285048611,59.544571825174444,"[859, 412, 937, 733]",False,snapshots/person_0/0_1781654579933.jpg,1,1,"[901, 431, 919, 456]",0.00018174240074441688,132.88666666666666,5,True,True,True,ACCEPTABLE,,
86,2,1,1,,PERSON_ONLY_TRACK,,,,22.880453276802857,"[730, 650, 820, 901]",True,,0,1,"[730, 650, 820, 901]",,,,,,,PERSON_ONLY_TRACK,,
86,3,2,2,,PERSON_ONLY_TRACK,,,,0.7021001577377319,"[799, 664, 909, 924]",True,,0,1,"[799, 664, 909, 924]",,,,,,,PERSON_ONLY_TRACK,,
86,8,6,6,,PERSON_ONLY_TRACK,,,,0.7154922485351562,"[719, 243, 773, 476]",True,,0,1,"[719, 243, 773, 476]",,,,,,,PERSON_ONLY_TRACK,,
86,7,4,4,,TRACKER_PREDICTED,,,,0.9799849529545307,"[636, 296, 668, 412]",True,,0,1,"[644, 302, 660, 322]",,,,,,,TRACKER_PREDICTED,DETECTORS_MISSED,
87,0,0,0,0.954770521100827,CONFIRMED,0.9958956304134062,0.893082857131958,0.954770521100827,60.49934234627527,"[866, 416, 944, 751]",False,snapshots/person_0/0_1781654583431.jpg,1,1,"[907, 439, 926, 466]",0.00020718633684863524,132.32748538011697,5,True,True,True,ACCEPTABLE,,
87,2,1,1,,PERSON_ONLY_TRACK,,,,22.880453276802857,"[754, 648, 836, 895]",True,,0,1,"[754, 648, 836, 895]",,,,,,,PERSON_ONLY_TRACK,,
87,3,2,2,,PERSON_ONLY_TRACK,,,,0.7021001577377319,"[819, 670, 906, 921]",True,,0,1,"[819, 670, 906, 921]",,,,,,,PERSON_ONLY_TRACK,,
87,8,6,6,,PERSON_ONLY_TRACK,,,,0.7154922485351562,"[718, 241, 765, 459]",True,,0,1,"[718, 241, 765, 459]",,,,,,,PERSON_ONLY_TRACK,,
87,7,4,4,,TRACKER_PREDICTED,,,,0.9799849529545307,"[636, 296, 668, 412]",True,,0,1,"[644, 302, 660, 322]",,,,,,,TRACKER_PREDICTED,DETECTORS_MISSED,
88,0,0,3,0.996085967201838,IDENTITY_CONFLICT,0.996085967201838,0.0,0.996085967201838,60.49934234627527,"[862, 417, 949, 753]",False,snapshots/person_3/3_1781654586642.jpg,1,1,"[913, 428, 931, 452]",0.0001744727047146402,121.84722222222223,5,True,True,True,ACCEPTABLE,,
88,2,1,1,,PERSON_ONLY_TRACK,,,,22.880453276802857,"[734, 641, 840, 894]",True,,0,1,"[734, 641, 840, 894]",,,,,,,PERSON_ONLY_TRACK,,
88,3,2,2,,PERSON_ONLY_TRACK,,,,0.7021001577377319,"[821, 661, 908, 924]",True,,0,1,"[821, 661, 908, 924]",,,,,,,PERSON_ONLY_TRACK,,
88,8,6,6,,PERSON_ONLY_TRACK,,,,0.7154922485351562,"[717, 240, 771, 464]",True,,0,1,"[717, 240, 771, 464]",,,,,,,PERSON_ONLY_TRACK,,
88,7,4,4,,TRACKER_PREDICTED,,,,0.9799849529545307,"[636, 296, 668, 412]",True,,0,1,"[644, 302, 660, 322]",,,,,,,TRACKER_PREDICTED,DETECTORS_MISSED,
89,0,0,0,0.9936085726259836,CONFIRMED,0.9936085726259837,0.0,0.9936085726259836,61.49295091890125,"[864, 423, 960, 740]",False,snapshots/person_0/0_1781654589884.jpg,1,1,"[920, 446, 939, 474]",0.00021485990488006617,132.14661654135338,5,True,True,True,ACCEPTABLE,,
89,2,1,1,,PERSON_ONLY_TRACK,,,,22.880453276802857,"[746, 632, 838, 890]",True,,0,1,"[746, 632, 838, 890]",,,,,,,PERSON_ONLY_TRACK,,
89,3,2,2,,PERSON_ONLY_TRACK,,,,0.7021001577377319,"[843, 650, 922, 909]",True,,0,1,"[843, 650, 922, 909]",,,,,,,PERSON_ONLY_TRACK,,
89,7,4,4,,TRACKER_PREDICTED,,,,0.9799849529545307,"[636, 296, 668, 412]",True,,0,1,"[644, 302, 660, 322]",,,,,,,TRACKER_PREDICTED,DETECTORS_MISSED,
89,8,6,6,,TRACKER_PREDICTED,,,,0.7154922485351562,"[717, 240, 771, 464]",True,,0,1,"[717, 240, 771, 464]",,,,,,,TRACKER_PREDICTED,DETECTORS_MISSED,
90,0,0,0,0.8732778917845826,CONFIRMED,0.993527950693624,0.6929028034210205,0.8732778917845826,62.36622881068583,"[864, 428, 968, 730]",False,snapshots/person_0/0_1781654593223.jpg,1,1,"[930, 448, 947, 475]",0.0001853772487593052,127.69934640522875,5,True,True,True,ACCEPTABLE,,
90,2,1,1,,PERSON_ONLY_TRACK,,,,22.880453276802857,"[746, 634, 838, 881]",True,,0,1,"[746, 634, 838, 881]",,,,,,,PERSON_ONLY_TRACK,,
90,3,2,2,,PERSON_ONLY_TRACK,,,,0.7021001577377319,"[856, 654, 932, 891]",True,,0,1,"[856, 654, 932, 891]",,,,,,,PERSON_ONLY_TRACK,,
90,8,6,6,,PERSON_ONLY_TRACK,,,,0.7154922485351562,"[709, 223, 768, 477]",True,,0,1,"[709, 223, 768, 477]",,,,,,,PERSON_ONLY_TRACK,,
90,7,4,4,,TRACKER_PREDICTED,,,,0.9799849529545307,"[636, 296, 668, 412]",True,,0,1,"[644, 302, 660, 322]",,,,,,,TRACKER_PREDICTED,DETECTORS_MISSED,
91,0,0,3,0.9922989062300834,IDENTITY_CONFLICT,0.9922989062300834,0.0,0.9922989062300834,62.36622881068583,"[886, 432, 972, 706]",False,snapshots/person_3/3_1781654596476.jpg,1,1,"[938, 450, 958, 478]",0.00022616832092638544,132.2642857142857,5,True,True,True,ACCEPTABLE,,
91,2,1,1,,PERSON_ONLY_TRACK,,,,22.880453276802857,"[757, 633, 816, 879]",True,,0,1,"[757, 633, 816, 879]",,,,,,,PERSON_ONLY_TRACK,,
91,3,2,2,,PERSON_ONLY_TRACK,,,,0.7021001577377319,"[865, 653, 934, 890]",True,,0,1,"[865, 653, 934, 890]",,,,,,,PERSON_ONLY_TRACK,,
91,8,6,6,,PERSON_ONLY_TRACK,,,,0.7154922485351562,"[709, 231, 766, 473]",True,,0,1,"[709, 231, 766, 473]",,,,,,,PERSON_ONLY_TRACK,,
91,7,4,4,,TRACKER_PREDICTED,,,,0.9799849529545307,"[636, 296, 668, 412]",True,,0,1,"[644, 302, 660, 322]",,,,,,,TRACKER_PREDICTED,DETECTORS_MISSED,
92,0,0,0,0.9106370589051016,CONFIRMED,0.9924752945557846,0.7878797054290771,0.9106370589051016,63.276865869590935,"[911, 442, 978, 677]",False,snapshots/person_0/0_1781654599852.jpg,1,1,"[946, 461, 965, 487]",0.00019951276881720431,129.1497975708502,5,True,True,True,ACCEPTABLE,,
92,2,1,1,,PERSON_ONLY_TRACK,,,,22.880453276802857,"[763, 632, 819, 877]",True,,0,1,"[763, 632, 819, 877]",,,,,,,PERSON_ONLY_TRACK,,
92,3,2,2,,PERSON_ONLY_TRACK,,,,0.7021001577377319,"[875, 655, 965, 885]",True,,0,1,"[875, 655, 965, 885]",,,,,,,PERSON_ONLY_TRACK,,
92,8,6,6,,PERSON_ONLY_TRACK,,,,0.7154922485351562,"[708, 225, 765, 471]",True,,0,1,"[708, 225, 765, 471]",,,,,,,PERSON_ONLY_TRACK,,
92,7,4,4,,TRACKER_PREDICTED,,,,0.9799849529545307,"[636, 296, 668, 412]",True,,0,1,"[644, 302, 660, 322]",,,,,,,TRACKER_PREDICTED,DETECTORS_MISSED,
93,0,0,0,0.9422037636534029,CONFIRMED,0.9961186705853632,0.8613314032554626,0.9422037636534029,64.21906963324435,"[916, 449, 984, 694]",False,snapshots/person_0/0_1781654603169.jpg,1,1,"[954, 471, 973, 497]",0.00019951276881720431,127.6255060728745,5,True,True,True,ACCEPTABLE,,
93,3,2,2,,PERSON_ONLY_TRACK,,,,0.7021001577377319,"[896, 666, 974, 883]",True,,0,1,"[896, 666, 974, 883]",,,,,,,PERSON_ONLY_TRACK,,
93,2,1,1,,TRACKER_PREDICTED,,,,22.880453276802857,"[763, 632, 819, 877]",True,,0,1,"[763, 632, 819, 877]",,,,,,,TRACKER_PREDICTED,DETECTORS_MISSED,
93,8,6,6,,TRACKER_PREDICTED,,,,0.7154922485351562,"[708, 225, 765, 471]",True,,0,1,"[708, 225, 765, 471]",,,,,,,TRACKER_PREDICTED,DETECTORS_MISSED,
94,0,0,0,0.9285383208496711,CONFIRMED,0.9919494761200979,0.8334215879440308,0.9285383208496711,65.14760795409401,"[920, 454, 985, 725]",False,snapshots/person_0/0_1781654606492.jpg,1,1,"[960, 475, 977, 499]",0.00016477977667493798,126.04166666666667,5,True,True,True,ACCEPTABLE,,
94,3,2,2,,PERSON_ONLY_TRACK,,,,0.7021001577377319,"[903, 670, 967, 885]",True,,0,1,"[903, 670, 967, 885]",,,,,,,PERSON_ONLY_TRACK,,
94,8,6,6,,PERSON_ONLY_TRACK,,,,0.7154922485351562,"[705, 226, 758, 461]",True,,0,1,"[705, 226, 758, 461]",,,,,,,PERSON_ONLY_TRACK,,
94,2,1,1,,TRACKER_PREDICTED,,,,22.880453276802857,"[763, 632, 819, 877]",True,,0,1,"[763, 632, 819, 877]",,,,,,,TRACKER_PREDICTED,DETECTORS_MISSED,
95,0,0,0,0.921234841449643,CONFIRMED,0.9940876088267976,0.8119556903839111,0.921234841449643,66.06884279554366,"[929, 463, 996, 695]",False,snapshots/person_0/0_1781654609832.jpg,1,1,"[965, 476, 983, 500]",0.0001744727047146402,130.15509259259258,5,True,True,True,ACCEPTABLE,,
95,3,2,2,,PERSON_ONLY_TRACK,,,,0.7021001577377319,"[907, 673, 966, 880]",True,,0,1,"[907, 673, 966, 880]",,,,,,,PERSON_ONLY_TRACK,,
95,8,6,6,,PERSON_ONLY_TRACK,,,,0.7154922485351562,"[700, 222, 754, 457]",True,,0,1,"[700, 222, 754, 457]",,,,,,,PERSON_ONLY_TRACK,,
95,2,1,1,,TRACKER_PREDICTED,,,,22.880453276802857,"[763, 632, 819, 877]",True,,0,1,"[763, 632, 819, 877]",,,,,,,TRACKER_PREDICTED,DETECTORS_MISSED,
96,3,2,1,0.8903770908219885,IDENTITY_CONFLICT,0.991712090787502,0.7383745908737183,0.8903770908219885,0.7021001577377319,"[912, 673, 968, 872]",False,snapshots/person_1/1_1781654614750.jpg,1,1,"[941, 698, 959, 720]",0.00015993331265508684,116.40151515151516,5,True,True,True,ACCEPTABLE,,
96,0,0,0,0.9275743887577677,CONFIRMED,0.9950137810167708,0.8264153003692627,0.9275743887577677,66.99641718430142,"[935, 467, 1009, 701]",False,snapshots/person_0/0_1781654615094.jpg,1,1,"[974, 486, 991, 509]",0.00015791395264681555,121.01790281329923,5,True,True,True,ACCEPTABLE,,
96,2,1,1,,PERSON_ONLY_TRACK,,,,22.880453276802857,"[758, 635, 836, 883]",True,,0,1,"[758, 635, 836, 883]",,,,,,,PERSON_ONLY_TRACK,,
96,8,6,6,,TRACKER_PREDICTED,,,,0.7154922485351562,"[700, 222, 754, 457]",True,,0,1,"[700, 222, 754, 457]",,,,,,,TRACKER_PREDICTED,DETECTORS_MISSED,
97,0,0,0,0.952546497178383,CONFIRMED,0.9985849393611276,0.8834888339042664,0.952546497178383,67.94896368147981,"[935, 469, 1010, 715]",False,snapshots/person_0/0_1781654623664.jpg,1,1,"[975, 486, 993, 510]",0.0001744727047146402,121.74305555555556,5,True,True,True,ACCEPTABLE,,
97,3,2,1,0.8774671739428064,IDENTITY_CONFLICT,0.9954048703261251,0.7005606293678284,0.8774671739428064,0.7021001577377319,"[913, 678, 969, 871]",False,snapshots/person_1/1_1781654624273.jpg,1,1,"[944, 706, 960, 727]",0.00013570099255583127,119.94642857142857,5,True,True,True,ACCEPTABLE,,
97,2,1,1,,PERSON_ONLY_TRACK,,,,22.880453276802857,"[757, 636, 836, 885]",True,,0,1,"[757, 636, 836, 885]",,,,,,,PERSON_ONLY_TRACK,,
97,8,6,6,,PERSON_ONLY_TRACK,,,,0.7154922485351562,"[699, 218, 751, 457]",True,,0,1,"[699, 218, 751, 457]",,,,,,,PERSON_ONLY_TRACK,,
98,0,0,3,0.996318633269685,IDENTITY_CONFLICT,0.9963186332696851,0.0,0.996318633269685,67.94896368147981,"[935, 463, 1018, 756]",False,snapshots/person_3/3_1781654629055.jpg,1,1,"[981, 475, 999, 499]",0.0001744727047146402,111.17361111111111,5,True,True,True,ACCEPTABLE,,
98,2,1,1,,PERSON_ONLY_TRACK,,,,22.880453276802857,"[764, 635, 836, 888]",True,,0,1,"[764, 635, 836, 888]",,,,,,,PERSON_ONLY_TRACK,,
98,3,2,2,,PERSON_ONLY_TRACK,,,,0.7021001577377319,"[914, 682, 970, 876]",True,,0,1,"[914, 682, 970, 876]",,,,,,,PERSON_ONLY_TRACK,,
98,8,6,6,,PERSON_ONLY_TRACK,,,,0.7154922485351562,"[695, 218, 751, 456]",True,,0,1,"[695, 218, 751, 456]",,,,,,,PERSON_ONLY_TRACK,,
99,0,0,0,0.9215924418518525,CONFIRMED,0.9949339092687736,0.811580240726471,0.9215924418518525,68.87055612333167,"[934, 457, 1020, 754]",False,snapshots/person_0/0_1781654634507.jpg,1,1,"[982, 472, 1000, 497]",0.00018174240074441688,114.12222222222222,5,True,True,True,ACCEPTABLE,,
99,2,1,1,,PERSON_ONLY_TRACK,,,,22.880453276802857,"[773, 633, 834, 874]",True,,0,1,"[773, 633, 834, 874]",,,,,,,PERSON_ONLY_TRACK,,
99,3,2,2,,PERSON_ONLY_TRACK,,,,0.7021001577377319,"[913, 681, 981, 904]",True,,0,1,"[913, 681, 981, 904]",,,,,,,PERSON_ONLY_TRACK,,
99,8,6,6,,PERSON_ONLY_TRACK,,,,0.7154922485351562,"[697, 223, 749, 455]",True,,0,1,"[697, 223, 749, 455]",,,,,,,PERSON_ONLY_TRACK,,
100,0,0,0,0.9630104577842593,CONFIRMED,0.9958276014035345,0.9137847423553467,0.9630104577842593,69.83356658111593,"[934, 454, 1020, 766]",False,snapshots/person_0/0_1781654639570.jpg,1,1,"[981, 465, 1000, 491]",0.00019951276881720431,117.91902834008097,5,True,True,True,ACCEPTABLE,,
100,2,1,1,,PERSON_ONLY_TRACK,,,,22.880453276802857,"[771, 634, 835, 883]",True,,0,1,"[771, 634, 835, 883]",,,,,,,PERSON_ONLY_TRACK,,
100,3,2,2,,PERSON_ONLY_TRACK,,,,0.7021001577377319,"[914, 688, 980, 905]",True,,0,1,"[914, 688, 980, 905]",,,,,,,PERSON_ONLY_TRACK,,
100,8,6,6,,PERSON_ONLY_TRACK,,,,0.7154922485351562,"[696, 223, 747, 457]",True,,0,1,"[696, 223, 747, 457]",,,,,,,PERSON_ONLY_TRACK,,
101,0,0,0,0.9752196816093527,CONFIRMED,0.9988809472135045,0.939727783203125,0.9752196816093527,70.80878626272528,"[935, 450, 1020, 794]",False,snapshots/person_0/0_1781654643603.jpg,1,1,"[981, 462, 1001, 488]",0.00021001344086021506,115.44807692307693,5,True,True,True,ACCEPTABLE,,
101,3,2,1,0.8789627400180449,IDENTITY_CONFLICT,0.996585343801437,0.7025288343429565,0.8789627400180449,0.7021001577377319,"[915, 695, 984, 925]",False,snapshots/person_1/1_1781654643938.jpg,1,1,"[943, 705, 961, 730]",0.00018174240074441688,64.2,5,True,True,True,ACCEPTABLE,,
101,2,1,1,,PERSON_ONLY_TRACK,,,,22.880453276802857,"[769, 633, 837, 881]",True,,0,1,"[769, 633, 837, 881]",,,,,,,PERSON_ONLY_TRACK,,
101,8,6,6,,PERSON_ONLY_TRACK,,,,0.7154922485351562,"[701, 219, 742, 422]",True,,0,1,"[701, 219, 742, 422]",,,,,,,PERSON_ONLY_TRACK,,
102,0,0,0,0.9715263491116578,CONFIRMED,0.9968927113947958,0.9334768056869507,0.9715263491116578,71.78031261183693,"[935, 449, 1022, 798]",False,snapshots/person_0/0_1781654647400.jpg,1,1,"[981, 462, 1002, 489]",0.00022899542493796525,115.35626102292768,5,True,True,True,ACCEPTABLE,,
102,3,2,2,,PERSON_ONLY_TRACK,,,,0.7021001577377319,"[913, 706, 973, 968]",True,,0,1,"[913, 706, 973, 968]",,,,,,,PERSON_ONLY_TRACK,,
102,2,1,1,,TRACKER_PREDICTED,,,,22.880453276802857,"[769, 633, 837, 881]",True,,0,1,"[769, 633, 837, 881]",,,,,,,TRACKER_PREDICTED,DETECTORS_MISSED,
102,8,6,6,,TRACKER_PREDICTED,,,,0.7154922485351562,"[701, 219, 742, 422]",True,,0,1,"[701, 219, 742, 422]",,,,,,,TRACKER_PREDICTED,DETECTORS_MISSED,
103,0,0,0,0.9829358592418734,CONFIRMED,0.9988167707767593,0.9591144919395447,0.9829358592418734,72.76324847107881,"[936, 450, 1022, 804]",False,snapshots/person_0/0_1781654650753.jpg,1,1,"[981, 461, 1002, 488]",0.00022899542493796525,118.37742504409171,5,True,True,True,ACCEPTABLE,,
103,3,2,2,,PERSON_ONLY_TRACK,,,,0.7021001577377319,"[909, 713, 970, 942]",True,,0,1,"[909, 713, 970, 942]",,,,,,,PERSON_ONLY_TRACK,,
103,8,6,6,,PERSON_ONLY_TRACK,,,,0.7154922485351562,"[693, 215, 740, 438]",True,,0,1,"[693, 215, 740, 438]",,,,,,,PERSON_ONLY_TRACK,,
103,2,1,1,,TRACKER_PREDICTED,,,,22.880453276802857,"[769, 633, 837, 881]",True,,0,1,"[769, 633, 837, 881]",,,,,,,TRACKER_PREDICTED,DETECTORS_MISSED,
104,0,0,0,0.9972094768035993,CONFIRMED,0.9972094768035993,0.0,0.9972094768035993,73.76045794788241,"[937, 452, 1024, 786]",False,snapshots/person_0/0_1781654654143.jpg,1,1,"[982, 464, 1000, 489]",0.00018174240074441688,125.22888888888889,5,True,True,True,ACCEPTABLE,,
104,3,2,1,0.8718045549910423,IDENTITY_CONFLICT,0.9969101874896481,0.6841461062431335,0.8718045549910423,0.7021001577377319,"[888, 706, 971, 966]",False,snapshots/person_1/1_1781654654468.jpg,1,1,"[934, 717, 952, 743]",0.00018901209677419354,67.44444444444444,5,True,True,True,ACCEPTABLE,,
104,2,1,1,,PERSON_ONLY_TRACK,,,,22.880453276802857,"[774, 632, 836, 873]",True,,0,1,"[774, 632, 836, 873]",,,,,,,PERSON_ONLY_TRACK,,
104,8,6,6,,TRACKER_PREDICTED,,,,0.7154922485351562,"[693, 215, 740, 438]",True,,0,1,"[693, 215, 740, 438]",,,,,,,TRACKER_PREDICTED,DETECTORS_MISSED,
105,0,0,0,0.9605407578735818,CONFIRMED,0.9951895645905319,0.9085675477981567,0.9605407578735818,74.720998705756,"[940, 454, 1024, 815]",False,snapshots/person_0/0_1781654658317.jpg,1,1,"[984, 472, 1005, 500]",0.0002374767369727047,114.35204081632654,5,True,True,True,ACCEPTABLE,,
105,2,1,1,,PERSON_ONLY_TRACK,,,,22.880453276802857,"[771, 634, 834, 880]",True,,0,1,"[771, 634, 834, 880]",,,,,,,PERSON_ONLY_TRACK,,
105,3,2,2,,PERSON_ONLY_TRACK,,,,0.7021001577377319,"[878, 704, 969, 980]",True,,0,1,"[878, 704, 969, 980]",,,,,,,PERSON_ONLY_TRACK,,
105,8,6,6,,TRACKER_PREDICTED,,,,0.7154922485351562,"[693, 215, 740, 438]",True,,0,1,"[693, 215, 740, 438]",,,,,,,TRACKER_PREDICTED,DETECTORS_MISSED,
106,0,0,0,0.9519722056341392,CONFIRMED,0.9970399657806129,0.8843705654144287,0.9519722056341392,75.67297091139014,"[941, 454, 1025, 830]",False,snapshots/person_0/0_1781654661655.jpg,1,1,"[985, 473, 1004, 499]",0.00019951276881720431,117.87044534412955,5,True,True,True,ACCEPTABLE,,
106,3,2,1,0.8943286027250232,IDENTITY_CONFLICT,0.9968562268113995,0.740537166595459,0.8943286027250232,0.7021001577377319,"[869, 709, 960, 993]",False,snapshots/person_1/1_1781654661976.jpg,1,1,"[922, 742, 940, 767]",0.00018174240074441688,93.74,5,True,True,True,ACCEPTABLE,,
106,2,1,1,,PERSON_ONLY_TRACK,,,,22.880453276802857,"[768, 637, 832, 883]",True,,0,1,"[768, 637, 832, 883]",,,,,,,PERSON_ONLY_TRACK,,
106,8,6,6,,PERSON_ONLY_TRACK,,,,0.7154922485351562,"[695, 216, 736, 416]",True,,0,1,"[695, 216, 736, 416]",,,,,,,PERSON_ONLY_TRACK,,
107,3,2,1,0.9033011259923179,IDENTITY_CONFLICT,0.9974217517988218,0.7621201872825623,0.9033011259923179,0.7021001577377319,"[864, 722, 940, 992]",False,snapshots/person_1/1_1781654665280.jpg,1,1,"[920, 751, 938, 776]",0.00018174240074441688,95.04666666666667,5,True,True,True,ACCEPTABLE,,
107,0,0,0,,PERSON_ONLY_TRACK,,,,75.67297091139014,"[944, 456, 1025, 797]",True,,0,1,"[944, 456, 1025, 797]",,,,,,,PERSON_ONLY_TRACK,,
107,8,6,6,,PERSON_ONLY_TRACK,,,,0.7154922485351562,"[695, 215, 735, 427]",True,,0,1,"[695, 215, 735, 427]",,,,,,,PERSON_ONLY_TRACK,,
107,2,1,1,,TRACKER_PREDICTED,,,,22.880453276802857,"[768, 637, 832, 883]",True,,0,1,"[768, 637, 832, 883]",,,,,,,TRACKER_PREDICTED,DETECTORS_MISSED,
108,0,0,0,0.9357745168167269,CONFIRMED,0.9959840373128513,0.8454602360725403,0.9357745168167269,76.60874542820686,"[943, 457, 1025, 835]",False,snapshots/person_0/0_1781654668620.jpg,1,1,"[986, 473, 1005, 501]",0.00021485990488006617,124.98496240601504,5,True,True,True,ACCEPTABLE,,
108,2,1,1,,PERSON_ONLY_TRACK,,,,22.880453276802857,"[762, 644, 818, 878]",True,,0,1,"[762, 644, 818, 878]",,,,,,,PERSON_ONLY_TRACK,,
108,3,2,2,,PERSON_ONLY_TRACK,,,,0.7021001577377319,"[864, 712, 934, 991]",True,,0,1,"[864, 712, 934, 991]",,,,,,,PERSON_ONLY_TRACK,,
108,8,6,6,,TRACKER_PREDICTED,,,,0.7154922485351562,"[695, 215, 735, 427]",True,,0,1,"[695, 215, 735, 427]",,,,,,,TRACKER_PREDICTED,DETECTORS_MISSED,
109,0,0,0,0.9707188450082187,CONFIRMED,0.994863126473964,0.9345024228096008,0.9707188450082187,77.57946427321508,"[941, 457, 1025, 832]",False,snapshots/person_0/0_1781654672058.jpg,1,1,"[986, 483, 1004, 510]",0.00019628179280397023,121.24691358024691,5,True,True,True,ACCEPTABLE,,
109,8,6,6,0.9370990667013811,TRACKER_CONTINUITY_OVERRIDE,0.9907952006109038,0.8565548658370972,0.9370990667013811,1.6525913152365375,"[636, 297, 669, 413]",True,snapshots/person_6/6_1781654672382.jpg,1,1,"[644, 303, 661, 323]",0.0001373164805624483,124.66764705882353,5,True,True,True,ACCEPTABLE,,
109,2,1,1,,PERSON_ONLY_TRACK,,,,22.880453276802857,"[764, 644, 816, 877]",True,,0,1,"[764, 644, 816, 877]",,,,,,,PERSON_ONLY_TRACK,,
109,3,2,2,,PERSON_ONLY_TRACK,,,,0.7021001577377319,"[864, 709, 929, 991]",True,,0,1,"[864, 709, 929, 991]",,,,,,,PERSON_ONLY_TRACK,,
110,0,0,0,0.9712656141510682,CONFIRMED,0.994258344370636,0.9367765188217163,0.9712656141510682,78.55072988736615,"[932, 459, 1025, 836]",False,snapshots/person_0/0_1781654675887.jpg,1,1,"[986, 498, 1003, 521]",0.00015791395264681555,114.70843989769821,5,True,True,True,ACCEPTABLE,,
110,8,6,6,0.9992410791249893,CONFIRMED,0.9999446293267645,0.9981857538223267,0.9992410791249893,2.6518323943615267,"[636, 297, 669, 413]",False,snapshots/person_6/6_1781654676204.jpg,1,1,"[644, 303, 661, 323]",0.0001373164805624483,124.33529411764705,5,True,True,True,ACCEPTABLE,,
110,2,1,1,,PERSON_ONLY_TRACK,,,,22.880453276802857,"[765, 645, 817, 882]",True,,0,1,"[765, 645, 817, 882]",,,,,,,PERSON_ONLY_TRACK,,
110,3,2,2,,PERSON_ONLY_TRACK,,,,0.7021001577377319,"[865, 703, 944, 988]",True,,0,1,"[865, 703, 944, 988]",,,,,,,PERSON_ONLY_TRACK,,
111,0,0,0,0.9696855841315024,CONFIRMED,0.9929275609116146,0.9348226189613342,0.9696855841315024,79.52041547149764,"[929, 461, 1023, 837]",False,snapshots/person_0/0_1781654679542.jpg,1,1,"[981, 487, 1000, 516]",0.00022253347291149712,124.76043557168784,5,True,True,True,ACCEPTABLE,,
111,2,1,1,,PERSON_ONLY_TRACK,,,,22.880453276802857,"[766, 647, 816, 886]",True,,0,1,"[766, 647, 816, 886]",,,,,,,PERSON_ONLY_TRACK,,
111,3,2,2,,PERSON_ONLY_TRACK,,,,0.7021001577377319,"[852, 696, 945, 989]",True,,0,1,"[852, 696, 945, 989]",,,,,,,PERSON_ONLY_TRACK,,
111,8,6,6,,TRACKER_PREDICTED,,,,2.6518323943615267,"[636, 297, 669, 413]",True,,0,1,"[644, 303, 661, 323]",,,,,,,TRACKER_PREDICTED,DETECTORS_MISSED,
112,0,0,0,0.9693328752496297,CONFIRMED,0.9962494595809868,0.928957998752594,0.9693328752496297,80.48974834674728,"[919, 462, 1020, 837]",False,snapshots/person_0/0_1781654682815.jpg,1,1,"[979, 485, 1000, 515]",0.00025443936104218364,121.2984126984127,5,True,True,True,ACCEPTABLE,,
112,8,6,6,0.9986254650017845,CONFIRMED,0.9999979266956825,0.9965667724609375,0.9986254650017845,3.6504578593633115,"[636, 297, 669, 413]",False,snapshots/person_6/6_1781654683138.jpg,1,1,"[644, 303, 661, 323]",0.0001373164805624483,124.29411764705883,5,True,True,True,ACCEPTABLE,,
112,2,1,1,,PERSON_ONLY_TRACK,,,,22.880453276802857,"[767, 647, 817, 888]",True,,0,1,"[767, 647, 817, 888]",,,,,,,PERSON_ONLY_TRACK,,
112,3,2,2,,PERSON_ONLY_TRACK,,,,0.7021001577377319,"[845, 692, 940, 986]",True,,0,1,"[845, 692, 940, 986]",,,,,,,PERSON_ONLY_TRACK,,
113,0,0,0,0.9696449725640663,CONFIRMED,0.9977402635436668,0.9275020360946655,0.9696449725640663,81.45939331931135,"[909, 462, 1017, 829]",False,snapshots/person_0/0_1781654686440.jpg,1,1,"[975, 486, 995, 516]",0.00024232320099255584,119.28,5,True,True,True,ACCEPTABLE,,
113,8,6,6,0.9992974990891654,CONFIRMED,0.9999683688559862,0.9982911944389343,0.9992974990891654,4.649755358452477,"[636, 297, 669, 413]",False,snapshots/person_6/6_1781654686763.jpg,1,1,"[644, 303, 661, 323]",0.0001373164805624483,123.92058823529412,5,True,True,True,ACCEPTABLE,,
113,2,1,1,,PERSON_ONLY_TRACK,,,,22.880453276802857,"[766, 646, 820, 889]",True,,0,1,"[766, 646, 820, 889]",,,,,,,PERSON_ONLY_TRACK,,
113,3,2,2,,PERSON_ONLY_TRACK,,,,0.7021001577377319,"[835, 690, 910, 981]",True,,0,1,"[835, 690, 910, 981]",,,,,,,PERSON_ONLY_TRACK,,
114,0,0,0,0.9725907431597858,CONFIRMED,0.9927212971043834,0.9423949122428894,0.9725907431597858,82.43198406247113,"[903, 469, 1007, 835]",False,snapshots/person_0/0_1781654690006.jpg,1,1,"[967, 496, 986, 524]",0.00021485990488006617,130.8251879699248,5,True,True,True,ACCEPTABLE,,
114,8,6,6,0.9999379237445705,CONFIRMED,0.9999869796886233,0.9998643398284912,0.9999379237445705,5.649693282197048,"[636, 297, 669, 413]",False,snapshots/person_6/6_1781654690334.jpg,1,1,"[644, 303, 661, 323]",0.0001373164805624483,124.0264705882353,5,True,True,True,ACCEPTABLE,,
114,2,1,1,,PERSON_ONLY_TRACK,,,,22.880453276802857,"[769, 647, 823, 889]",True,,0,1,"[769, 647, 823, 889]",,,,,,,PERSON_ONLY_TRACK,,
114,3,2,2,,PERSON_ONLY_TRACK,,,,0.7021001577377319,"[835, 683, 905, 980]",True,,0,1,"[835, 683, 905, 980]",,,,,,,PERSON_ONLY_TRACK,,
115,0,0,0,0.985773655891335,CONFIRMED,0.9958781353631219,0.9706169366836548,0.985773655891335,83.41775771836247,"[900, 467, 1001, 839]",False,snapshots/person_0/0_1781654694258.jpg,1,1,"[963, 492, 984, 522]",0.00025443936104218364,126.87936507936507,5,True,True,True,ACCEPTABLE,,
115,2,1,1,0.87927463362383,CONFIRMED,0.997396951082136,0.7020911574363708,0.87927463362383,23.759727910426687,"[769, 647, 822, 889]",False,snapshots/person_1/1_1781654694596.jpg,1,1,"[803, 670, 820, 693]",0.00015791395264681555,110.28132992327366,5,True,True,True,ACCEPTABLE,,
115,3,2,2,,PERSON_ONLY_TRACK,,,,0.7021001577377319,"[835, 675, 905, 965]",True,,0,1,"[835, 675, 905, 965]",,,,,,,PERSON_ONLY_TRACK,,
115,8,6,6,,TRACKER_PREDICTED,,,,5.649693282197048,"[636, 297, 669, 413]",True,,0,1,"[644, 303, 661, 323]",,,,,,,TRACKER_PREDICTED,DETECTORS_MISSED,
116,0,0,0,0.9512776371301211,CONFIRMED,0.9950081104141137,0.8856819272041321,0.9512776371301211,84.36903535549258,"[903, 471, 995, 839]",False,snapshots/person_0/0_1781654697975.jpg,1,1,"[952, 493, 972, 521]",0.00022616832092638544,130.34107142857144,5,True,True,True,ACCEPTABLE,,
116,8,6,6,0.9999980221488061,CONFIRMED,0.9999995646042925,0.9999957084655762,0.9999980221488061,6.649691304345854,"[636, 297, 669, 413]",False,snapshots/person_6/6_1781654698303.jpg,1,1,"[644, 303, 661, 323]",0.0001373164805624483,123.90294117647059,5,True,True,True,ACCEPTABLE,,
116,2,1,1,,PERSON_ONLY_TRACK,,,,23.759727910426687,"[768, 647, 824, 895]",True,,0,1,"[768, 647, 824, 895]",,,,,,,PERSON_ONLY_TRACK,,
116,3,2,2,,PERSON_ONLY_TRACK,,,,0.7021001577377319,"[834, 668, 906, 946]",True,,0,1,"[834, 668, 906, 946]",,,,,,,PERSON_ONLY_TRACK,,
117,0,0,0,0.9499087301236481,CONFIRMED,0.9973658666581064,0.8787230253219604,0.9499087301236481,85.31894408561624,"[897, 471, 984, 840]",False,snapshots/person_0/0_1781654702822.jpg,1,1,"[939, 493, 960, 523]",0.00025443936104218364,132.32380952380953,5,True,True,True,ACCEPTABLE,,
117,8,6,6,0.9994212235301856,CONFIRMED,0.9999689402332114,0.998599648475647,0.9994212235301856,7.6491125278760395,"[636, 297, 669, 413]",False,snapshots/person_6/6_1781654703143.jpg,1,1,"[644, 303, 661, 323]",0.0001373164805624483,123.75,5,True,True,True,ACCEPTABLE,,
117,2,1,1,,PERSON_ONLY_TRACK,,,,23.759727910426687,"[768, 646, 823, 894]",True,,0,1,"[768, 646, 823, 894]",,,,,,,PERSON_ONLY_TRACK,,
117,3,2,2,,PERSON_ONLY_TRACK,,,,0.7021001577377319,"[838, 662, 905, 910]",True,,0,1,"[838, 662, 905, 910]",,,,,,,PERSON_ONLY_TRACK,,
118,0,0,0,0.9637521228240542,CONFIRMED,0.9941173727390853,0.9182042479515076,0.9637521228240542,86.28269620844029,"[896, 472, 980, 840]",False,snapshots/person_0/0_1781654706511.jpg,1,1,"[933, 493, 954, 522]",0.00024595804900744416,137.94745484400656,5,True,True,True,ACCEPTABLE,,
118,2,1,1,,PERSON_ONLY_TRACK,,,,23.759727910426687,"[767, 647, 825, 897]",True,,0,1,"[767, 647, 825, 897]",,,,,,,PERSON_ONLY_TRACK,,
118,3,2,2,,PERSON_ONLY_TRACK,,,,0.7021001577377319,"[838, 660, 905, 903]",True,,0,1,"[838, 660, 905, 903]",,,,,,,PERSON_ONLY_TRACK,,
118,8,6,6,,TRACKER_PREDICTED,,,,7.6491125278760395,"[636, 297, 669, 413]",True,,0,1,"[644, 303, 661, 323]",,,,,,,TRACKER_PREDICTED,DETECTORS_MISSED,
119,0,0,0,0.9558540625411781,CONFIRMED,0.9972474646300926,0.8937639594078064,0.9558540625411781,87.23855027098146,"[897, 472, 972, 844]",False,snapshots/person_0/0_1781654709980.jpg,1,1,"[927, 494, 947, 522]",0.00022616832092638544,128.45535714285714,5,True,True,True,ACCEPTABLE,,
119,8,6,6,0.9947890832962138,CONFIRMED,0.9992199465535653,0.9881427884101868,0.9947890832962138,8.643901611172254,"[636, 297, 668, 413]",False,snapshots/person_6/6_1781654710318.jpg,1,1,"[644, 303, 660, 323]",0.0001292390405293631,124.56875,5,True,True,True,ACCEPTABLE,,
119,2,1,1,,PERSON_ONLY_TRACK,,,,23.759727910426687,"[769, 646, 821, 899]",True,,0,1,"[769, 646, 821, 899]",,,,,,,PERSON_ONLY_TRACK,,
119,3,2,2,,PERSON_ONLY_TRACK,,,,0.7021001577377319,"[832, 653, 916, 915]",True,,0,1,"[832, 653, 916, 915]",,,,,,,PERSON_ONLY_TRACK,,
120,0,0,0,0.9601453480216264,CONFIRMED,0.9954461152507862,0.907194197177887,0.9601453480216264,88.19869561900309,"[884, 476, 963, 842]",False,snapshots/person_0/0_1781654713589.jpg,1,1,"[918, 494, 937, 524]",0.00023020704094292804,132.69122807017544,5,True,True,True,ACCEPTABLE,,
120,3,2,2,,PERSON_ONLY_TRACK,,,,0.7021001577377319,"[828, 638, 885, 903]",True,,0,1,"[828, 638, 885, 903]",,,,,,,PERSON_ONLY_TRACK,,
120,2,1,1,,TRACKER_PREDICTED,,,,23.759727910426687,"[769, 646, 821, 899]",True,,0,1,"[769, 646, 821, 899]",,,,,,,TRACKER_PREDICTED,DETECTORS_MISSED,
120,8,6,6,,TRACKER_PREDICTED,,,,8.643901611172254,"[636, 297, 668, 413]",True,,0,1,"[644, 303, 659, 323]",,,,,,,TRACKER_PREDICTED,DETECTORS_MISSED,
121,0,0,0,0.9665358787155818,CONFIRMED,0.9970189739228407,0.9208112359046936,0.9665358787155818,89.16523149771866,"[867, 478, 959, 848]",False,snapshots/person_0/0_1781654717098.jpg,1,1,"[912, 499, 930, 525]",0.00018901209677419354,143.26709401709402,5,True,True,True,ACCEPTABLE,,
121,3,2,2,,PERSON_ONLY_TRACK,,,,0.7021001577377319,"[824, 635, 887, 905]",True,,0,1,"[824, 635, 887, 905]",,,,,,,PERSON_ONLY_TRACK,,
121,2,1,1,,TRACKER_PREDICTED,,,,23.759727910426687,"[769, 646, 821, 899]",True,,0,1,"[769, 646, 821, 899]",,,,,,,TRACKER_PREDICTED,DETECTORS_MISSED,
121,8,6,6,,TRACKER_PREDICTED,,,,8.643901611172254,"[636, 297, 668, 413]",True,,0,1,"[644, 303, 658, 323]",,,,,,,TRACKER_PREDICTED,DETECTORS_MISSED,
122,0,0,0,0.8692219097882057,TRACKER_CONTINUITY_OVERRIDE,0.9949412874827027,0.68064284324646,0.8692219097882057,90.03445340750687,"[899, 492, 932, 636]",True,snapshots/person_0/0_1781654720606.jpg,1,1,"[907, 499, 924, 524]",0.00017164560070306037,133.66117647058823,5,True,True,True,ACCEPTABLE,,
122,3,2,2,,PERSON_ONLY_TRACK,,,,0.7021001577377319,"[819, 638, 882, 902]",True,,0,1,"[819, 638, 882, 902]",,,,,,,PERSON_ONLY_TRACK,,
122,2,1,1,,TRACKER_PREDICTED,,,,23.759727910426687,"[769, 646, 821, 899]",True,,0,1,"[769, 646, 821, 899]",,,,,,,TRACKER_PREDICTED,DETECTORS_MISSED,
122,8,6,6,,TRACKER_PREDICTED,,,,8.643901611172254,"[636, 297, 668, 413]",True,,0,1,"[644, 303, 657, 323]",,,,,,,TRACKER_PREDICTED,DETECTORS_MISSED,
123,0,0,0,0.9019705544853848,CONFIRMED,0.9960753538450668,0.7608133554458618,0.9019705544853848,90.93642396199226,"[887, 500, 923, 650]",False,snapshots/person_0/0_1781654723926.jpg,1,1,"[896, 507, 914, 533]",0.00018901209677419354,135.6517094017094,5,True,True,True,ACCEPTABLE,,
123,3,2,2,,PERSON_ONLY_TRACK,,,,0.7021001577377319,"[822, 638, 882, 892]",True,,0,1,"[822, 638, 882, 892]",,,,,,,PERSON_ONLY_TRACK,,
123,2,1,1,,TRACKER_PREDICTED,,,,23.759727910426687,"[769, 646, 821, 899]",True,,0,1,"[769, 646, 821, 899]",,,,,,,TRACKER_PREDICTED,DETECTORS_MISSED,
123,8,6,6,,TRACKER_PREDICTED,,,,8.643901611172254,"[636, 297, 668, 413]",True,,0,1,"[644, 303, 656, 323]",,,,,,,TRACKER_PREDICTED,DETECTORS_MISSED,
124,0,0,0,0.932479258199854,CONFIRMED,0.9967834482926847,0.8360229730606079,0.932479258199854,91.86890322019211,"[864, 487, 935, 819]",False,snapshots/person_0/0_1781654727250.jpg,1,1,"[894, 510, 912, 537]",0.00019628179280397023,126.54526748971193,5,True,True,True,ACCEPTABLE,,
124,3,2,2,,PERSON_ONLY_TRACK,,,,0.7021001577377319,"[824, 635, 884, 891]",True,,0,1,"[824, 635, 884, 891]",,,,,,,PERSON_ONLY_TRACK,,
124,2,1,1,,TRACKER_PREDICTED,,,,23.759727910426687,"[769, 646, 821, 899]",True,,0,1,"[769, 646, 821, 899]",,,,,,,TRACKER_PREDICTED,DETECTORS_MISSED,
124,8,6,6,,TRACKER_PREDICTED,,,,8.643901611172254,"[636, 297, 668, 413]",True,,0,1,"[644, 303, 655, 323]",,,,,,,TRACKER_PREDICTED,DETECTORS_MISSED,
125,0,0,0,0.9369938156454798,CONFIRMED,0.9981122052419575,0.8453162312507629,0.9369938156454798,92.80589703583759,"[855, 488, 929, 798]",False,snapshots/person_0/0_1781654730524.jpg,1,1,"[886, 510, 904, 537]",0.00019628179280397023,128.71399176954733,5,True,True,True,ACCEPTABLE,,
125,3,2,2,,PERSON_ONLY_TRACK,,,,0.7021001577377319,"[823, 642, 895, 878]",True,,0,1,"[823, 642, 895, 878]",,,,,,,PERSON_ONLY_TRACK,,
125,9,7,7,0.7588732838630676,PERSON_ONLY_NEW_IDENTITY,,0.7588732838630676,0.7588732838630676,0.7588732838630676,"[695, 208, 738, 384]",True,,0,1,"[695, 208, 738, 384]",,,,,,,PERSON_ONLY,,
125,2,1,1,,TRACKER_PREDICTED,,,,23.759727910426687,"[769, 646, 821, 899]",True,,0,1,"[769, 646, 821, 899]",,,,,,,TRACKER_PREDICTED,DETECTORS_MISSED,
125,8,6,6,,TRACKER_PREDICTED,,,,8.643901611172254,"[636, 297, 668, 413]",True,,0,1,"[644, 303, 654, 323]",,,,,,,TRACKER_PREDICTED,DETECTORS_MISSED,
126,0,0,0,0.89987980978927,CONFIRMED,0.9975438458595173,0.7533837556838989,0.89987980978927,93.70577684562686,"[851, 497, 918, 675]",False,snapshots/person_0/0_1781654733942.jpg,1,1,"[878, 521, 896, 545]",0.0001744727047146402,137.63425925925927,5,True,True,True,ACCEPTABLE,,
126,3,2,2,,PERSON_ONLY_TRACK,,,,0.7021001577377319,"[812, 639, 905, 902]",True,,0,1,"[812, 639, 905, 902]",,,,,,,PERSON_ONLY_TRACK,,
126,2,1,1,,TRACKER_PREDICTED,,,,23.759727910426687,"[769, 646, 821, 899]",True,,0,1,"[769, 646, 821, 899]",,,,,,,TRACKER_PREDICTED,DETECTORS_MISSED,
126,8,6,6,,TRACKER_PREDICTED,,,,8.643901611172254,"[636, 297, 668, 413]",True,,0,1,"[644, 303, 653, 323]",,,,,,,TRACKER_PREDICTED,DETECTORS_MISSED,
126,9,7,7,,TRACKER_PREDICTED,,,,0.7588732838630676,"[695, 208, 738, 384]",True,,0,1,"[695, 208, 738, 384]",,,,,,,TRACKER_PREDICTED,DETECTORS_MISSED,
127,0,0,0,0.960207187401009,CONFIRMED,0.9986606625496554,0.9025269746780396,0.960207187401009,94.66598403302787,"[848, 498, 915, 683]",False,snapshots/person_0/0_1781654737309.jpg,1,1,"[875, 524, 893, 549]",0.00018174240074441688,135.5,5,True,True,True,ACCEPTABLE,,
127,3,2,2,,PERSON_ONLY_TRACK,,,,0.7021001577377319,"[814, 634, 906, 893]",True,,0,1,"[814, 634, 906, 893]",,,,,,,PERSON_ONLY_TRACK,,
127,2,1,1,,TRACKER_PREDICTED,,,,23.759727910426687,"[769, 646, 821, 899]",True,,0,1,"[769, 646, 821, 899]",,,,,,,TRACKER_PREDICTED,DETECTORS_MISSED,
127,8,6,6,,TRACKER_PREDICTED,,,,8.643901611172254,"[636, 297, 668, 413]",True,,0,1,"[644, 303, 652, 323]",,,,,,,TRACKER_PREDICTED,DETECTORS_MISSED,
127,9,7,7,,TRACKER_PREDICTED,,,,0.7588732838630676,"[695, 208, 738, 384]",True,,0,1,"[695, 208, 738, 384]",,,,,,,TRACKER_PREDICTED,DETECTORS_MISSED,
128,0,0,0,0.8998595563161671,CONFIRMED,0.9950894262373945,0.7570147514343262,0.8998595563161671,95.56584358934404,"[862, 516, 902, 666]",False,snapshots/person_0/0_1781654740866.jpg,1,1,"[872, 523, 892, 549]",0.00021001344086021506,132.28269230769232,5,True,True,True,ACCEPTABLE,,
128,2,1,1,,TRACKER_PREDICTED,,,,23.759727910426687,"[769, 646, 821, 899]",True,,0,1,"[769, 646, 821, 899]",,,,,,,TRACKER_PREDICTED,DETECTORS_MISSED,
128,3,2,2,,TRACKER_PREDICTED,,,,0.7021001577377319,"[814, 634, 906, 893]",True,,0,1,"[814, 634, 906, 893]",,,,,,,TRACKER_PREDICTED,DETECTORS_MISSED,
128,8,6,6,,TRACKER_PREDICTED,,,,8.643901611172254,"[636, 297, 668, 413]",True,,0,1,"[644, 303, 651, 323]",,,,,,,TRACKER_PREDICTED,DETECTORS_MISSED,
128,9,7,7,,TRACKER_PREDICTED,,,,0.7588732838630676,"[695, 208, 738, 384]",True,,0,1,"[695, 208, 738, 384]",,,,,,,TRACKER_PREDICTED,DETECTORS_MISSED,
129,0,0,0,0.9125543513238287,CONFIRMED,0.9958852394322315,0.7875580191612244,0.9125543513238287,96.47839794066788,"[863, 519, 899, 651]",False,snapshots/person_0/0_1781654744333.jpg,1,1,"[872, 525, 890, 548]",0.00016720300868486353,135.6014492753623,5,True,True,True,ACCEPTABLE,,
129,8,6,6,0.9548910488434125,CONFIRMED,0.9951785587184113,0.8944597840309143,0.9548910488434125,9.598792660015667,"[637, 298, 669, 407]",False,snapshots/person_6/6_1781654744684.jpg,1,1,"[645, 303, 661, 322]",0.00012277708850289495,126.85526315789474,5,True,True,True,ACCEPTABLE,,
129,9,7,7,,PERSON_ONLY_TRACK,,,,0.7588732838630676,"[687, 207, 736, 430]",True,,0,1,"[687, 207, 736, 430]",,,,,,,PERSON_ONLY_TRACK,,
129,2,1,1,,TRACKER_PREDICTED,,,,23.759727910426687,"[769, 646, 821, 899]",True,,0,1,"[769, 646, 821, 899]",,,,,,,TRACKER_PREDICTED,DETECTORS_MISSED,
129,3,2,2,,TRACKER_PREDICTED,,,,0.7021001577377319,"[814, 634, 906, 893]",True,,0,1,"[814, 634, 906, 893]",,,,,,,TRACKER_PREDICTED,DETECTORS_MISSED,
130,0,0,0,0.9447885607851597,CONFIRMED,0.9958449362339331,0.8682039976119995,0.9447885607851597,97.42318650145303,"[863, 515, 900, 659]",False,snapshots/person_0/0_1781654748472.jpg,1,1,"[872, 522, 891, 547]",0.00019183920078577336,139.06736842105263,5,True,True,True,ACCEPTABLE,,
130,8,6,6,0.9998306721210772,CONFIRMED,0.99998370305702,0.9996011257171631,0.9998306721210772,10.598623332136743,"[637, 298, 669, 407]",False,snapshots/person_6/6_1781654748807.jpg,1,1,"[645, 303, 661, 322]",0.00012277708850289495,127.05592105263158,5,True,True,True,ACCEPTABLE,,
130,3,2,2,,TRACKER_PREDICTED,,,,0.7021001577377319,"[814, 634, 906, 893]",True,,0,1,"[814, 634, 906, 893]",,,,,,,TRACKER_PREDICTED,DETECTORS_MISSED,
130,9,7,7,,TRACKER_PREDICTED,,,,0.7588732838630676,"[687, 207, 736, 430]",True,,0,1,"[687, 207, 736, 430]",,,,,,,TRACKER_PREDICTED,DETECTORS_MISSED,
131,0,0,0,0.9183466471139347,CONFIRMED,0.9961572549249984,0.8016307353973389,0.9183466471139347,98.34153314856697,"[840, 498, 911, 839]",False,snapshots/person_0/0_1781654752157.jpg,1,1,"[873, 520, 891, 544]",0.0001744727047146402,124.83101851851852,5,True,True,True,ACCEPTABLE,,
131,9,7,7,,PERSON_ONLY_TRACK,,,,0.7588732838630676,"[686, 207, 733, 433]",True,,0,1,"[686, 207, 733, 433]",,,,,,,PERSON_ONLY_TRACK,,
131,3,2,2,,TRACKER_PREDICTED,,,,0.7021001577377319,"[814, 634, 906, 893]",True,,0,1,"[814, 634, 906, 893]",,,,,,,TRACKER_PREDICTED,DETECTORS_MISSED,
131,8,6,6,,TRACKER_PREDICTED,,,,10.598623332136743,"[637, 298, 669, 407]",True,,0,1,"[645, 303, 663, 321]",,,,,,,TRACKER_PREDICTED,DETECTORS_MISSED,
132,0,0,0,0.9337629584674545,CONFIRMED,0.9947398947683486,0.8422975540161133,0.9337629584674545,99.27529610703442,"[836, 490, 913, 840]",False,snapshots/person_0/0_1781654755760.jpg,1,1,"[877, 522, 894, 546]",0.00016477977667493798,135.64460784313727,5,True,True,True,ACCEPTABLE,,
132,9,7,7,,PERSON_ONLY_TRACK,,,,0.7588732838630676,"[687, 205, 730, 403]",True,,0,1,"[687, 205, 730, 403]",,,,,,,PERSON_ONLY_TRACK,,
132,3,2,2,,TRACKER_PREDICTED,,,,0.7021001577377319,"[814, 634, 906, 893]",True,,0,1,"[814, 634, 906, 893]",,,,,,,TRACKER_PREDICTED,DETECTORS_MISSED,
132,8,6,6,,TRACKER_PREDICTED,,,,10.598623332136743,"[637, 298, 669, 407]",True,,0,1,"[645, 303, 665, 320]",,,,,,,TRACKER_PREDICTED,DETECTORS_MISSED,
133,0,0,0,0.9595157366425275,CONFIRMED,0.9959888030142385,0.9048061370849609,0.9595157366425275,100.23481184367695,"[833, 489, 910, 836]",False,snapshots/person_0/0_1781654759140.jpg,1,1,"[877, 512, 894, 534]",0.00015104812861869312,123.41978609625669,5,True,True,True,ACCEPTABLE,,
133,3,2,2,,PERSON_ONLY_TRACK,,,,0.7021001577377319,"[863, 637, 938, 887]",True,,0,1,"[863, 637, 938, 887]",,,,,,,PERSON_ONLY_TRACK,,
133,9,7,7,,PERSON_ONLY_TRACK,,,,0.7588732838630676,"[686, 204, 728, 384]",True,,0,1,"[686, 204, 728, 384]",,,,,,,PERSON_ONLY_TRACK,,
133,8,6,6,,TRACKER_PREDICTED,,,,10.598623332136743,"[637, 298, 669, 407]",True,,0,1,"[645, 303, 666, 319]",,,,,,,TRACKER_PREDICTED,DETECTORS_MISSED,
134,0,0,0,0.9358758561691385,CONFIRMED,0.9979436584447393,0.8427741527557373,0.9358758561691385,101.17068769984608,"[832, 489, 906, 837]",False,snapshots/person_0/0_1781654762526.jpg,1,1,"[882, 510, 898, 534]",0.00015508684863523573,124.015625,5,True,True,True,ACCEPTABLE,,
134,10,1,1,0.8807301153315663,INITIAL_RECOGNITION,0.9968484026812118,0.7065526843070984,0.8807301153315663,0.8807301153315663,"[783, 669, 820, 813]",True,snapshots/person_1/1_1781654762966.jpg,1,1,"[792, 676, 811, 701]",0.00019183920078577336,101.53684210526316,5,True,True,True,ACCEPTABLE,,"7,8,9"
134,3,2,2,,PERSON_ONLY_TRACK,,,,0.7021001577377319,"[879, 634, 938, 868]",True,,0,1,"[879, 634, 938, 868]",,,,,,,PERSON_ONLY_TRACK,,
134,9,7,7,,PERSON_ONLY_TRACK,,,,0.7588732838630676,"[687, 202, 729, 379]",True,,0,1,"[687, 202, 729, 379]",,,,,,,PERSON_ONLY_TRACK,,
134,8,6,6,,TRACKER_PREDICTED,,,,10.598623332136743,"[637, 298, 669, 407]",True,,0,1,"[645, 303, 667, 318]",,,,,,,TRACKER_PREDICTED,DETECTORS_MISSED,
135,0,0,0,0.9578276623923545,CONFIRMED,0.9968698404959448,0.899264395236969,0.9578276623923545,102.12851536223845,"[833, 484, 908, 816]",False,snapshots/person_0/0_1781654766341.jpg,1,1,"[882, 510, 898, 532]",0.00014216294458229943,128.79829545454547,5,True,True,True,ACCEPTABLE,,
135,10,1,1,0.9114116163575308,CONFIRMED,0.9988338105419703,0.7802783250808716,0.9114116163575308,1.792141731689097,"[763, 649, 847, 894]",False,snapshots/person_1/1_1781654766670.jpg,1,1,"[791, 676, 810, 701]",0.00019183920078577336,103.19368421052631,5,True,True,True,ACCEPTABLE,,
135,3,2,2,,PERSON_ONLY_TRACK,,,,0.7021001577377319,"[874, 621, 939, 872]",True,,0,1,"[874, 621, 939, 872]",,,,,,,PERSON_ONLY_TRACK,,
135,9,7,7,,PERSON_ONLY_TRACK,,,,0.7588732838630676,"[686, 201, 730, 383]",True,,0,1,"[686, 201, 730, 383]",,,,,,,PERSON_ONLY_TRACK,,
135,8,6,6,,TRACKER_PREDICTED,,,,10.598623332136743,"[637, 298, 669, 407]",True,,0,1,"[645, 303, 668, 317]",,,,,,,TRACKER_PREDICTED,DETECTORS_MISSED,
136,0,0,0,0.9465366599349807,CONFIRMED,0.997869491144788,0.8695374131202698,0.9465366599349807,103.07505202217342,"[833, 480, 908, 804]",False,snapshots/person_0/0_1781654770125.jpg,1,1,"[886, 500, 902, 523]",0.00014862489660876757,116.0163043478261,5,True,True,True,ACCEPTABLE,,
136,10,1,1,0.976641198359363,CONFIRMED,0.9992802082870283,0.942682683467865,0.976641198359363,2.7687829300484603,"[762, 649, 835, 894]",False,snapshots/person_1/1_1781654770774.jpg,1,1,"[792, 676, 811, 701]",0.00019183920078577336,100.37263157894736,5,True,True,True,ACCEPTABLE,,
136,3,2,2,,PERSON_ONLY_TRACK,,,,0.7021001577377319,"[875, 624, 942, 864]",True,,0,1,"[875, 624, 942, 864]",,,,,,,PERSON_ONLY_TRACK,,
136,9,7,7,,PERSON_ONLY_TRACK,,,,0.7588732838630676,"[686, 200, 729, 380]",True,,0,1,"[686, 200, 729, 380]",,,,,,,PERSON_ONLY_TRACK,,
136,8,6,6,,TRACKER_PREDICTED,,,,10.598623332136743,"[637, 298, 669, 407]",True,,0,1,"[645, 303, 669, 316]",,,,,,,TRACKER_PREDICTED,DETECTORS_MISSED,
137,0,0,0,0.9483842607081906,CONFIRMED,0.9968936038912959,0.8756202459335327,0.9483842607081906,104.02343628288162,"[832, 476, 912, 798]",False,snapshots/person_0/0_1781654774428.jpg,1,1,"[885, 496, 904, 520]",0.00018416563275434243,118.5592105263158,5,True,True,True,ACCEPTABLE,,
137,3,2,2,,PERSON_ONLY_TRACK,,,,0.7021001577377319,"[883, 625, 947, 856]",True,,0,1,"[883, 625, 947, 856]",,,,,,,PERSON_ONLY_TRACK,,
137,9,7,7,,PERSON_ONLY_TRACK,,,,0.7588732838630676,"[686, 200, 728, 379]",True,,0,1,"[686, 200, 728, 379]",,,,,,,PERSON_ONLY_TRACK,,
137,8,6,6,,TRACKER_PREDICTED,,,,10.598623332136743,"[637, 298, 669, 407]",True,,0,1,"[645, 303, 669, 315]",,,,,,,TRACKER_PREDICTED,DETECTORS_MISSED,
137,10,1,1,,TRACKER_PREDICTED,,,,2.7687829300484603,"[762, 649, 835, 894]",True,,0,1,"[792, 676, 811, 701]",,,,,,,TRACKER_PREDICTED,DETECTORS_MISSED,
138,0,0,0,0.9558893868182913,CONFIRMED,0.997681609268787,0.8932010531425476,0.9558893868182913,104.9793256696999,"[834, 471, 915, 826]",False,snapshots/person_0/0_1781654777892.jpg,1,1,"[895, 485, 911, 511]",0.00016801075268817206,120.33653846153847,5,True,True,True,ACCEPTABLE,,
138,10,1,1,0.9755540288546418,CONFIRMED,0.9979681434000094,0.9419328570365906,0.9755540288546418,3.7443369589031024,"[759, 648, 838, 896]",False,snapshots/person_1/1_1781654778229.jpg,1,1,"[790, 676, 810, 702]",0.00021001344086021506,110.98653846153846,5,True,True,True,ACCEPTABLE,,
138,3,2,2,,PERSON_ONLY_TRACK,,,,0.7021001577377319,"[883, 619, 954, 856]",True,,0,1,"[883, 619, 954, 856]",,,,,,,PERSON_ONLY_TRACK,,
138,9,7,7,,PERSON_ONLY_TRACK,,,,0.7588732838630676,"[685, 201, 723, 378]",True,,0,1,"[685, 201, 723, 378]",,,,,,,PERSON_ONLY_TRACK,,
138,8,6,6,,TRACKER_PREDICTED,,,,10.598623332136743,"[637, 298, 669, 407]",True,,0,1,"[645, 303, 669, 314]",,,,,,,TRACKER_PREDICTED,DETECTORS_MISSED,
139,0,0,0,0.9740460262056643,CONFIRMED,0.9976840988391726,0.9385889172554016,0.9740460262056643,105.95337169590557,"[837, 469, 918, 796]",False,snapshots/person_0/0_1781654781841.jpg,1,1,"[895, 486, 912, 513]",0.0001853772487593052,113.41394335511983,5,True,True,True,ACCEPTABLE,,
139,10,1,1,0.9803196008323909,CONFIRMED,0.9995156618156833,0.9515255093574524,0.9803196008323909,4.724656559735493,"[761, 647, 833, 894]",False,snapshots/person_1/1_1781654782170.jpg,1,1,"[790, 676, 810, 701]",0.00020193600082712987,111.584,5,True,True,True,ACCEPTABLE,,
139,3,2,2,,PERSON_ONLY_TRACK,,,,0.7021001577377319,"[893, 616, 959, 851]",True,,0,1,"[893, 616, 959, 851]",,,,,,,PERSON_ONLY_TRACK,,
139,9,7,7,,PERSON_ONLY_TRACK,,,,0.7588732838630676,"[686, 201, 727, 381]",True,,0,1,"[686, 201, 727, 381]",,,,,,,PERSON_ONLY_TRACK,,
139,8,6,6,,TRACKER_PREDICTED,,,,10.598623332136743,"[637, 298, 669, 407]",True,,0,1,"[645, 303, 669, 313]",,,,,,,TRACKER_PREDICTED,DETECTORS_MISSED,
140,0,0,0,0.9696256269770688,CONFIRMED,0.9946640116899916,0.9320680499076843,0.9696256269770688,106.92299732288264,"[834, 464, 921, 813]",False,snapshots/person_0/0_1781654785492.jpg,1,1,"[895, 486, 913, 510]",0.0001744727047146402,113.44212962962963,5,True,True,True,ACCEPTABLE,,
140,10,1,1,0.9560055087035711,CONFIRMED,0.9985294457981679,0.892219603061676,0.9560055087035711,5.680662068439064,"[781, 669, 821, 819]",False,snapshots/person_1/1_1781654785823.jpg,1,1,"[791, 676, 811, 702]",0.00021001344086021506,108.80192307692307,5,True,True,True,ACCEPTABLE,,
140,3,2,2,,PERSON_ONLY_TRACK,,,,0.7021001577377319,"[902, 607, 969, 854]",True,,0,1,"[902, 607, 969, 854]",,,,,,,PERSON_ONLY_TRACK,,
140,9,7,7,,PERSON_ONLY_TRACK,,,,0.7588732838630676,"[685, 203, 720, 378]",True,,0,1,"[685, 203, 720, 378]",,,,,,,PERSON_ONLY_TRACK,,
140,8,6,6,,TRACKER_PREDICTED,,,,10.598623332136743,"[637, 298, 669, 407]",True,,0,1,"[645, 303, 669, 312]",,,,,,,TRACKER_PREDICTED,DETECTORS_MISSED,
141,0,0,0,0.9710551585464181,CONFIRMED,0.9974859300104284,0.9314090013504028,0.9710551585464181,107.89405248142906,"[837, 456, 922, 797]",False,snapshots/person_0/0_1781654789663.jpg,1,1,"[897, 478, 915, 504]",0.00018901209677419354,108.88034188034187,5,True,True,True,ACCEPTABLE,,
141,10,1,1,0.9783959907969386,CONFIRMED,0.9986080399288985,0.948077917098999,0.9783959907969386,6.659058059236003,"[783, 669, 820, 813]",False,snapshots/person_1/1_1781654789980.jpg,1,1,"[792, 676, 811, 701]",0.00019183920078577336,105.98315789473685,5,True,True,True,ACCEPTABLE,,
141,3,2,2,,PERSON_ONLY_TRACK,,,,0.7021001577377319,"[905, 604, 983, 832]",True,,0,1,"[905, 604, 983, 832]",,,,,,,PERSON_ONLY_TRACK,,
141,9,7,7,,PERSON_ONLY_TRACK,,,,0.7588732838630676,"[686, 203, 721, 381]",True,,0,1,"[686, 203, 721, 381]",,,,,,,PERSON_ONLY_TRACK,,
142,0,0,0,0.9605187778509426,CONFIRMED,0.9976341533721764,0.9048457145690918,0.9605187778509426,108.85457125928,"[838, 455, 924, 820]",False,snapshots/person_0/0_1781654793268.jpg,1,1,"[898, 476, 918, 504]",0.00022616832092638544,113.18214285714286,5,True,True,True,ACCEPTABLE,,
142,3,2,2,,PERSON_ONLY_TRACK,,,,0.7021001577377319,"[906, 602, 982, 831]",True,,0,1,"[906, 602, 982, 831]",,,,,,,PERSON_ONLY_TRACK,,
142,9,7,7,,PERSON_ONLY_TRACK,,,,0.7588732838630676,"[685, 203, 723, 380]",True,,0,1,"[685, 203, 723, 380]",,,,,,,PERSON_ONLY_TRACK,,
142,10,1,1,,TRACKER_PREDICTED,,,,6.659058059236003,"[783, 669, 820, 813]",True,,0,1,"[792, 676, 811, 700]",,,,,,,TRACKER_PREDICTED,DETECTORS_MISSED,
143,0,0,0,0.9573358518171666,CONFIRMED,0.9976928999504046,0.8968002796173096,0.9573358518171666,109.81190711109716,"[838, 455, 925, 806]",False,snapshots/person_0/0_1781654796520.jpg,1,1,"[904, 473, 923, 501]",0.00021485990488006617,121.11654135338345,5,True,True,True,ACCEPTABLE,,
143,3,2,2,,PERSON_ONLY_TRACK,,,,0.7021001577377319,"[906, 596, 979, 814]",True,,0,1,"[906, 596, 979, 814]",,,,,,,PERSON_ONLY_TRACK,,
143,9,7,7,,PERSON_ONLY_TRACK,,,,0.7588732838630676,"[683, 206, 723, 379]",True,,0,1,"[683, 206, 723, 379]",,,,,,,PERSON_ONLY_TRACK,,
143,10,1,1,,TRACKER_PREDICTED,,,,6.659058059236003,"[783, 669, 820, 813]",True,,0,1,"[792, 676, 811, 699]",,,,,,,TRACKER_PREDICTED,DETECTORS_MISSED,
144,0,0,0,0.9580330195772137,CONFIRMED,0.9961529676694812,0.9008530974388123,0.9580330195772137,110.76994013067437,"[841, 452, 936, 792]",False,snapshots/person_0/0_1781654799839.jpg,1,1,"[905, 474, 924, 500]",0.00019951276881720431,113.27935222672065,5,True,True,True,ACCEPTABLE,,
144,3,2,2,,PERSON_ONLY_TRACK,,,,0.7021001577377319,"[913, 583, 975, 807]",True,,0,1,"[913, 583, 975, 807]",,,,,,,PERSON_ONLY_TRACK,,
144,10,1,1,,PERSON_ONLY_TRACK,,,,6.659058059236003,"[766, 647, 820, 896]",True,,0,1,"[766, 647, 820, 896]",,,,,,,PERSON_ONLY_TRACK,,
144,9,7,7,,TRACKER_PREDICTED,,,,0.7588732838630676,"[683, 206, 723, 379]",True,,0,1,"[683, 206, 723, 379]",,,,,,,TRACKER_PREDICTED,DETECTORS_MISSED,
145,0,0,0,0.978917557767007,CONFIRMED,0.9986546151687258,0.9493119716644287,0.978917557767007,111.74885768844138,"[842, 451, 934, 792]",False,snapshots/person_0/0_1781654803106.jpg,1,1,"[906, 473, 924, 498]",0.00018174240074441688,107.25555555555556,5,True,True,True,ACCEPTABLE,,
145,3,2,2,,PERSON_ONLY_TRACK,,,,0.7021001577377319,"[915, 578, 973, 808]",True,,0,1,"[915, 578, 973, 808]",,,,,,,PERSON_ONLY_TRACK,,
145,10,1,1,,PERSON_ONLY_TRACK,,,,6.659058059236003,"[766, 647, 826, 897]",True,,0,1,"[766, 647, 826, 897]",,,,,,,PERSON_ONLY_TRACK,,
145,9,7,7,,TRACKER_PREDICTED,,,,0.7588732838630676,"[683, 206, 723, 379]",True,,0,1,"[683, 206, 723, 379]",,,,,,,TRACKER_PREDICTED,DETECTORS_MISSED,
146,0,0,0,0.9708177643332054,CONFIRMED,0.9967119424398028,0.9319764971733093,0.9708177643332054,112.71967545277458,"[847, 451, 937, 791]",False,snapshots/person_0/0_1781654806393.jpg,1,1,"[908, 472, 925, 497]",0.00017164560070306037,101.90117647058824,5,True,True,True,ACCEPTABLE,,
146,3,2,2,,PERSON_ONLY_TRACK,,,,0.7021001577377319,"[915, 581, 972, 806]",True,,0,1,"[915, 581, 972, 806]",,,,,,,PERSON_ONLY_TRACK,,
146,10,1,1,,PERSON_ONLY_TRACK,,,,6.659058059236003,"[764, 647, 825, 897]",True,,0,1,"[764, 647, 825, 897]",,,,,,,PERSON_ONLY_TRACK,,
146,9,7,7,,TRACKER_PREDICTED,,,,0.7588732838630676,"[683, 206, 723, 379]",True,,0,1,"[683, 206, 723, 379]",,,,,,,TRACKER_PREDICTED,DETECTORS_MISSED,
147,0,0,0,,PERSON_ONLY_TRACK,,,,112.71967545277458,"[847, 450, 948, 791]",True,,0,1,"[847, 450, 948, 791]",,,,,,,PERSON_ONLY_TRACK,,
147,3,2,2,,PERSON_ONLY_TRACK,,,,0.7021001577377319,"[917, 573, 977, 796]",True,,0,1,"[917, 573, 977, 796]",,,,,,,PERSON_ONLY_TRACK,,
147,10,1,1,,PERSON_ONLY_TRACK,,,,6.659058059236003,"[762, 646, 828, 899]",True,,0,1,"[762, 646, 828, 899]",,,,,,,PERSON_ONLY_TRACK,,
147,9,7,7,,TRACKER_PREDICTED,,,,0.7588732838630676,"[683, 206, 723, 379]",True,,0,1,"[683, 206, 723, 379]",,,,,,,TRACKER_PREDICTED,DETECTORS_MISSED,
148,0,0,0,0.9680893402162714,CONFIRMED,0.9984580644076935,0.9225362539291382,0.9680893402162714,113.68776479299085,"[849, 452, 945, 791]",False,snapshots/person_0/0_1781654813313.jpg,1,1,"[918, 475, 934, 498]",0.00014862489660876757,105.8695652173913,5,True,True,True,ACCEPTABLE,,
148,3,2,2,,PERSON_ONLY_TRACK,,,,0.7021001577377319,"[918, 570, 978, 777]",True,,0,1,"[918, 570, 978, 777]",,,,,,,PERSON_ONLY_TRACK,,
148,10,1,1,,PERSON_ONLY_TRACK,,,,6.659058059236003,"[765, 648, 826, 897]",True,,0,1,"[765, 648, 826, 897]",,,,,,,PERSON_ONLY_TRACK,,
148,9,7,7,,TRACKER_PREDICTED,,,,0.7588732838630676,"[683, 206, 723, 379]",True,,0,1,"[683, 206, 723, 379]",,,,,,,TRACKER_PREDICTED,DETECTORS_MISSED,
149,10,1,1,0.9456650078291288,CONFIRMED,0.9965751667808478,0.8692997694015503,0.9456650078291288,7.604723067065131,"[763, 649, 827, 897]",False,snapshots/person_1/1_1781654817425.jpg,1,1,"[800, 675, 818, 700]",0.00018174240074441688,107.69777777777777,5,True,True,True,ACCEPTABLE,,
149,0,0,0,,PERSON_ONLY_TRACK,,,,113.68776479299085,"[848, 453, 952, 791]",True,,0,1,"[848, 453, 952, 791]",,,,,,,PERSON_ONLY_TRACK,,
149,3,2,2,,PERSON_ONLY_TRACK,,,,0.7021001577377319,"[923, 560, 984, 775]",True,,0,1,"[923, 560, 984, 775]",,,,,,,PERSON_ONLY_TRACK,,
149,9,7,7,,TRACKER_PREDICTED,,,,0.7588732838630676,"[683, 206, 723, 379]",True,,0,1,"[683, 206, 723, 379]",,,,,,,TRACKER_PREDICTED,DETECTORS_MISSED,
150,10,1,1,0.9581287017456429,CONFIRMED,0.9972776358312594,0.899405300617218,0.9581287017456429,8.562851768810773,"[767, 652, 825, 889]",False,snapshots/person_1/1_1781654821542.jpg,1,1,"[800, 674, 818, 699]",0.00018174240074441688,115.77111111111111,5,True,True,True,ACCEPTABLE,,
150,0,0,0,0.9583569023920061,CONFIRMED,0.9976391749105457,0.8994334936141968,0.9583569023920061,114.64612169538286,"[848, 451, 957, 789]",False,snapshots/person_0/0_1781654821946.jpg,1,1,"[931, 475, 947, 496]",0.00013570099255583127,103.74702380952381,5,True,True,True,ACCEPTABLE,,
150,3,8,8,0.9004417744410003,FRAME_ID_CONFLICT_NEW_IDENTITY,0.9875093445400339,0.76984041929245,0.9004417744410003,0.9004417744410003,"[924, 560, 996, 771]",True,snapshots/person_8/8_1781654822363.jpg,1,1,"[955, 580, 971, 600]",0.0001292390405293631,115.9625,5,True,True,True,ACCEPTABLE,,
150,9,7,7,,TRACKER_PREDICTED,,,,0.7588732838630676,"[683, 206, 723, 379]",True,,0,1,"[683, 206, 723, 379]",,,,,,,TRACKER_PREDICTED,DETECTORS_MISSED,
151,10,1,1,0.9817824711797362,CONFIRMED,0.996113676229736,0.9602856636047363,0.9817824711797362,9.54463423999051,"[767, 650, 824, 888]",False,snapshots/person_1/1_1781654826651.jpg,1,1,"[799, 673, 818, 698]",0.00019183920078577336,115.77052631578947,5,True,True,True,ACCEPTABLE,,
151,0,0,0,,PERSON_ONLY_TRACK,,,,114.64612169538286,"[856, 449, 958, 788]",True,,0,1,"[856, 449, 958, 788]",,,,,,,PERSON_ONLY_TRACK,,
151,3,8,8,,PERSON_ONLY_TRACK,,,,0.9004417744410003,"[927, 560, 996, 770]",True,,0,1,"[927, 560, 996, 770]",,,,,,,PERSON_ONLY_TRACK,,
151,9,7,7,,TRACKER_PREDICTED,,,,0.7588732838630676,"[683, 206, 723, 379]",True,,0,1,"[683, 206, 723, 379]",,,,,,,TRACKER_PREDICTED,DETECTORS_MISSED,
152,10,1,1,0.9469160794482743,CONFIRMED,0.9946346281743902,0.8753382563591003,0.9469160794482743,10.491550319438783,"[765, 647, 824, 892]",False,snapshots/person_1/1_1781654831710.jpg,1,1,"[800, 673, 817, 697]",0.00016477977667493798,119.75735294117646,5,True,True,True,ACCEPTABLE,,
152,0,0,0,,PERSON_ONLY_TRACK,,,,114.64612169538286,"[863, 450, 965, 778]",True,,0,1,"[863, 450, 965, 778]",,,,,,,PERSON_ONLY_TRACK,,
152,3,8,8,,PERSON_ONLY_TRACK,,,,0.9004417744410003,"[936, 560, 988, 764]",True,,0,1,"[936, 560, 988, 764]",,,,,,,PERSON_ONLY_TRACK,,
152,9,7,7,,TRACKER_PREDICTED,,,,0.7588732838630676,"[683, 206, 723, 379]",True,,0,1,"[683, 206, 723, 379]",,,,,,,TRACKER_PREDICTED,DETECTORS_MISSED,
153,10,1,1,0.9589857547015894,CONFIRMED,0.998930210625289,0.89906907081604,0.9589857547015894,11.450536074140373,"[765, 647, 825, 897]",False,snapshots/person_1/1_1781654835593.jpg,1,1,"[800, 672, 818, 697]",0.00018174240074441688,122.96888888888888,5,True,True,True,ACCEPTABLE,,
153,0,0,0,,PERSON_ONLY_TRACK,,,,114.64612169538286,"[869, 448, 967, 778]",True,,0,1,"[869, 448, 967, 778]",,,,,,,PERSON_ONLY_TRACK,,
153,3,8,8,,PERSON_ONLY_TRACK,,,,0.9004417744410003,"[937, 560, 991, 762]",True,,0,1,"[937, 560, 991, 762]",,,,,,,PERSON_ONLY_TRACK,,
153,9,7,7,,TRACKER_PREDICTED,,,,0.7588732838630676,"[683, 206, 723, 379]",True,,0,1,"[683, 206, 723, 379]",,,,,,,TRACKER_PREDICTED,DETECTORS_MISSED,
154,10,1,1,0.973111997831167,CONFIRMED,0.9986849804525595,0.9347525238990784,0.973111997831167,12.42364807197154,"[765, 648, 827, 899]",False,snapshots/person_1/1_1781654839166.jpg,1,1,"[800, 672, 817, 697]",0.00017164560070306037,120.65176470588236,5,True,True,True,ACCEPTABLE,,
154,0,0,0,,PERSON_ONLY_TRACK,,,,114.64612169538286,"[874, 447, 974, 777]",True,,0,1,"[874, 447, 974, 777]",,,,,,,PERSON_ONLY_TRACK,,
154,3,8,8,,PERSON_ONLY_TRACK,,,,0.9004417744410003,"[936, 558, 991, 765]",True,,0,1,"[936, 558, 991, 765]",,,,,,,PERSON_ONLY_TRACK,,
155,10,1,1,0.9762126126323567,CONFIRMED,0.9991940522250907,0.9417404532432556,0.9762126126323567,13.399860684603897,"[764, 648, 825, 898]",False,snapshots/person_1/1_1781654843330.jpg,1,1,"[799, 672, 817, 697]",0.00018174240074441688,118.90666666666667,5,True,True,True,ACCEPTABLE,,
155,0,0,0,,PERSON_ONLY_TRACK,,,,114.64612169538286,"[887, 445, 993, 775]",True,,0,1,"[887, 445, 993, 775]",,,,,,,PERSON_ONLY_TRACK,,
155,3,8,8,,TRACKER_PREDICTED,,,,0.9004417744410003,"[936, 558, 991, 765]",True,,0,1,"[936, 558, 991, 765]",,,,,,,TRACKER_PREDICTED,DETECTORS_MISSED,
156,10,1,1,0.959416464899404,CONFIRMED,0.993106411454451,0.9088815450668335,0.959416464899404,14.359277149503301,"[767, 649, 829, 900]",False,snapshots/person_1/1_1781654846882.jpg,1,1,"[799, 672, 817, 696]",0.0001744727047146402,118.79398148148148,5,True,True,True,ACCEPTABLE,,
156,0,0,0,0.9335271870183548,CONFIRMED,0.9965293862898484,0.8390238881111145,0.9335271870183548,115.57964888240122,"[891, 442, 995, 776]",False,snapshots/person_0/0_1781654847220.jpg,1,1,"[947, 464, 965, 487]",0.00016720300868486353,108.50966183574879,5,True,True,True,ACCEPTABLE,,
156,3,8,8,,TRACKER_PREDICTED,,,,0.9004417744410003,"[936, 558, 991, 765]",True,,0,1,"[936, 558, 991, 765]",,,,,,,TRACKER_PREDICTED,DETECTORS_MISSED,
157,10,1,1,0.9740684972102356,CONFIRMED,0.9998399790616354,0.935411274433136,0.9740684972102356,15.333345646713536,"[764, 649, 837, 901]",False,snapshots/person_1/1_1781654850603.jpg,1,1,"[799, 672, 817, 696]",0.0001744727047146402,118.55787037037037,5,True,True,True,ACCEPTABLE,,
157,0,0,0,,PERSON_ONLY_TRACK,,,,115.57964888240122,"[891, 442, 998, 775]",True,,0,1,"[891, 442, 998, 775]",,,,,,,PERSON_ONLY_TRACK,,
157,3,8,8,,TRACKER_PREDICTED,,,,0.9004417744410003,"[936, 558, 991, 765]",True,,0,1,"[936, 558, 991, 765]",,,,,,,TRACKER_PREDICTED,DETECTORS_MISSED,
158,10,1,1,0.972962626633854,CONFIRMED,0.9990878648523015,0.9337747693061829,0.972962626633854,16.30630827334739,"[767, 650, 825, 900]",False,snapshots/person_1/1_1781654853884.jpg,1,1,"[799, 672, 817, 697]",0.00018174240074441688,118.28,5,True,True,True,ACCEPTABLE,,
158,0,0,0,,PERSON_ONLY_TRACK,,,,115.57964888240122,"[891, 440, 999, 775]",True,,0,1,"[891, 440, 999, 775]",,,,,,,PERSON_ONLY_TRACK,,
158,3,8,8,,TRACKER_PREDICTED,,,,0.9004417744410003,"[936, 558, 991, 765]",True,,0,1,"[936, 558, 991, 765]",,,,,,,TRACKER_PREDICTED,DETECTORS_MISSED,
159,0,0,0,,PERSON_ONLY_TRACK,,,,115.57964888240122,"[897, 434, 1000, 774]",True,,0,1,"[897, 434, 1000, 774]",,,,,,,PERSON_ONLY_TRACK,,
159,10,1,1,,PERSON_ONLY_TRACK,,,,16.30630827334739,"[772, 654, 825, 900]",True,,0,1,"[772, 654, 825, 900]",,,,,,,PERSON_ONLY_TRACK,,
159,3,8,8,,TRACKER_PREDICTED,,,,0.9004417744410003,"[936, 558, 991, 765]",True,,0,1,"[936, 558, 991, 765]",,,,,,,TRACKER_PREDICTED,DETECTORS_MISSED,
160,10,1,1,0.9692389781470307,CONFIRMED,0.9959637415401155,0.9291518330574036,0.9692389781470307,17.275547251494423,"[766, 656, 834, 901]",False,snapshots/person_1/1_1781654860148.jpg,1,1,"[800, 673, 818, 698]",0.00018174240074441688,117.84444444444445,5,True,True,True,ACCEPTABLE,,
160,0,0,0,,PERSON_ONLY_TRACK,,,,115.57964888240122,"[897, 431, 999, 774]",True,,0,1,"[897, 431, 999, 774]",,,,,,,PERSON_ONLY_TRACK,,
160,3,8,8,,PERSON_ONLY_TRACK,,,,0.9004417744410003,"[950, 546, 1003, 759]",True,,0,1,"[950, 546, 1003, 759]",,,,,,,PERSON_ONLY_TRACK,,
161,10,1,1,0.9685129670708021,CONFIRMED,0.998266820842796,0.9238821864128113,0.9685129670708021,18.244060218565224,"[772, 652, 835, 904]",False,snapshots/person_1/1_1781654864717.jpg,1,1,"[801, 674, 819, 699]",0.00018174240074441688,116.58,5,True,True,True,ACCEPTABLE,,
161,0,0,0,,PERSON_ONLY_TRACK,,,,115.57964888240122,"[899, 428, 1003, 765]",True,,0,1,"[899, 428, 1003, 765]",,,,,,,PERSON_ONLY_TRACK,,
161,3,8,8,,TRACKER_PREDICTED,,,,0.9004417744410003,"[950, 546, 1003, 759]",True,,0,1,"[950, 546, 1003, 759]",,,,,,,TRACKER_PREDICTED,DETECTORS_MISSED,
162,10,1,1,0.964425934620744,CONFIRMED,0.9984546324743927,0.913382887840271,0.964425934620744,19.20848615318597,"[764, 656, 834, 903]",False,snapshots/person_1/1_1781654870358.jpg,1,1,"[802, 676, 822, 702]",0.00021001344086021506,122.7673076923077,5,True,True,True,ACCEPTABLE,,
162,0,0,0,,PERSON_ONLY_TRACK,,,,115.57964888240122,"[901, 428, 989, 755]",True,,0,1,"[901, 428, 989, 755]",,,,,,,PERSON_ONLY_TRACK,,
162,3,8,8,,PERSON_ONLY_TRACK,,,,0.9004417744410003,"[951, 550, 1011, 754]",True,,0,1,"[951, 550, 1011, 754]",,,,,,,PERSON_ONLY_TRACK,,
163,10,1,1,0.9706730757498919,CONFIRMED,0.9979646461447377,0.9297357201576233,0.9706730757498919,20.179159228935863,"[766, 656, 827, 903]",False,snapshots/person_1/1_1781654874811.jpg,1,1,"[803, 679, 822, 704]",0.00019183920078577336,124.09894736842105,5,True,True,True,ACCEPTABLE,,
163,0,0,0,,PERSON_ONLY_TRACK,,,,115.57964888240122,"[900, 427, 988, 749]",True,,0,1,"[900, 427, 988, 749]",,,,,,,PERSON_ONLY_TRACK,,
163,3,8,8,,PERSON_ONLY_TRACK,,,,0.9004417744410003,"[950, 550, 1014, 754]",True,,0,1,"[950, 550, 1014, 754]",,,,,,,PERSON_ONLY_TRACK,,
164,10,1,1,0.9575811913063356,CONFIRMED,0.9979563637657676,0.8970184326171875,0.9575811913063356,21.136740420242198,"[776, 653, 831, 901]",False,snapshots/person_1/1_1781654880818.jpg,1,1,"[805, 681, 823, 705]",0.0001744727047146402,121.60185185185185,5,True,True,True,ACCEPTABLE,,
164,0,0,0,,PERSON_ONLY_TRACK,,,,115.57964888240122,"[901, 427, 986, 742]",True,,0,1,"[901, 427, 986, 742]",,,,,,,PERSON_ONLY_TRACK,,
164,3,8,8,,PERSON_ONLY_TRACK,,,,0.9004417744410003,"[952, 549, 1019, 750]",True,,0,1,"[952, 549, 1019, 750]",,,,,,,PERSON_ONLY_TRACK,,
165,10,1,1,0.9721453215579562,CONFIRMED,0.9981643401749221,0.9331167936325073,0.9721453215579562,22.108885741800155,"[781, 652, 831, 902]",False,snapshots/person_1/1_1781654885416.jpg,1,1,"[806, 681, 824, 706]",0.00018174240074441688,118.68888888888888,5,True,True,True,ACCEPTABLE,,
165,0,0,0,,PERSON_ONLY_TRACK,,,,115.57964888240122,"[902, 429, 990, 741]",True,,0,1,"[902, 429, 990, 741]",,,,,,,PERSON_ONLY_TRACK,,
165,3,8,8,,PERSON_ONLY_TRACK,,,,0.9004417744410003,"[954, 549, 1022, 743]",True,,0,1,"[954, 549, 1022, 743]",,,,,,,PERSON_ONLY_TRACK,,
166,0,0,0,,PERSON_ONLY_TRACK,,,,115.57964888240122,"[903, 430, 994, 743]",True,,0,1,"[903, 430, 994, 743]",,,,,,,PERSON_ONLY_TRACK,,
166,10,1,1,,PERSON_ONLY_TRACK,,,,22.108885741800155,"[783, 657, 832, 906]",True,,0,1,"[783, 657, 832, 906]",,,,,,,PERSON_ONLY_TRACK,,
166,3,8,8,,TRACKER_PREDICTED,,,,0.9004417744410003,"[954, 549, 1022, 743]",True,,0,1,"[954, 549, 1022, 743]",,,,,,,TRACKER_PREDICTED,DETECTORS_MISSED,
167,10,1,1,0.9489664048171467,CONFIRMED,0.9961212426782361,0.8782341480255127,0.9489664048171467,23.0578521466173,"[782, 658, 836, 905]",False,snapshots/person_1/1_1781654892046.jpg,1,1,"[811, 683, 828, 707]",0.00016477977667493798,120.51960784313725,5,True,True,True,ACCEPTABLE,,
167,0,0,0,,PERSON_ONLY_TRACK,,,,115.57964888240122,"[904, 433, 998, 741]",True,,0,1,"[904, 433, 998, 741]",,,,,,,PERSON_ONLY_TRACK,,
167,3,8,8,,PERSON_ONLY_TRACK,,,,0.9004417744410003,"[963, 546, 1021, 746]",True,,0,1,"[963, 546, 1021, 746]",,,,,,,PERSON_ONLY_TRACK,,
168,10,1,1,0.9402835917930912,CONFIRMED,0.9941344381142178,0.8595073223114014,0.9402835917930912,23.99813573841039,"[780, 659, 838, 911]",False,snapshots/person_1/1_1781654895418.jpg,1,1,"[813, 684, 830, 708]",0.00016477977667493798,116.80637254901961,5,True,True,True,ACCEPTABLE,,
168,0,0,0,0.9360179241552413,CONFIRMED,0.9971860342645745,0.8442657589912415,0.9360179241552413,116.51566680655645,"[906, 433, 998, 735]",False,snapshots/person_0/0_1781654895746.jpg,1,1,"[975, 453, 993, 477]",0.0001744727047146402,101.51851851851852,5,True,True,True,ACCEPTABLE,,
168,3,8,8,,PERSON_ONLY_TRACK,,,,0.9004417744410003,"[965, 544, 1025, 744]",True,,0,1,"[965, 544, 1025, 744]",,,,,,,PERSON_ONLY_TRACK,,
169,0,0,0,0.9761055813136968,CONFIRMED,0.9977438227837738,0.9436482191085815,0.9761055813136968,117.49177238787016,"[906, 432, 1001, 733]",False,snapshots/person_0/0_1781654899140.jpg,1,1,"[976, 451, 994, 474]",0.00016720300868486353,99.53864734299516,5,True,True,True,ACCEPTABLE,,
169,10,1,1,0.9798602636142472,CONFIRMED,0.9986093136144842,0.9517366886138916,0.9798602636142472,24.977996002024636,"[780, 659, 839, 910]",False,snapshots/person_1/1_1781654899483.jpg,1,1,"[814, 685, 832, 710]",0.00018174240074441688,118.48444444444445,5,True,True,True,ACCEPTABLE,,
169,3,8,8,,PERSON_ONLY_TRACK,,,,0.9004417744410003,"[964, 544, 1026, 743]",True,,0,1,"[964, 544, 1026, 743]",,,,,,,PERSON_ONLY_TRACK,,
170,10,1,1,0.9742185505258806,CONFIRMED,0.9981400026261421,0.9383363723754883,0.9742185505258806,25.952214552550515,"[784, 661, 841, 917]",False,snapshots/person_1/1_1781654902847.jpg,1,1,"[816, 688, 835, 713]",0.00019183920078577336,118.21263157894737,5,True,True,True,ACCEPTABLE,,
170,0,0,0,0.9704309353592395,CONFIRMED,0.9993440524343647,0.9270612597465515,0.9704309353592395,118.4622033232294,"[912, 431, 1004, 719]",False,snapshots/person_0/0_1781654903175.jpg,1,1,"[979, 449, 996, 473]",0.00016477977667493798,100.96078431372548,5,True,True,True,ACCEPTABLE,,
170,3,8,8,,PERSON_ONLY_TRACK,,,,0.9004417744410003,"[967, 543, 1025, 744]",True,,0,1,"[967, 543, 1025, 744]",,,,,,,PERSON_ONLY_TRACK,,
171,0,0,0,0.9819810517933099,CONFIRMED,0.9970874204082835,0.9593214988708496,0.9819810517933099,119.44418437502272,"[921, 428, 1006, 721]",False,snapshots/person_0/0_1781654906484.jpg,1,1,"[980, 444, 997, 466]",0.00015104812861869312,94.20588235294117,5,True,True,True,ACCEPTABLE,,
171,10,1,1,0.9736484849180885,CONFIRMED,0.9952551662468427,0.9412384629249573,0.9736484849180885,26.925863037468602,"[783, 664, 843, 919]",False,snapshots/person_1/1_1781654906814.jpg,1,1,"[824, 693, 841, 717]",0.00016477977667493798,129.7107843137255,5,True,True,True,ACCEPTABLE,,
171,3,8,8,,PERSON_ONLY_TRACK,,,,0.9004417744410003,"[965, 540, 1026, 744]",True,,0,1,"[965, 540, 1026, 744]",,,,,,,PERSON_ONLY_TRACK,,
172,10,1,1,0.9637985711603665,CONFIRMED,0.9973974236695804,0.9134002923965454,0.9637985711603665,27.88966160862897,"[783, 667, 845, 919]",False,snapshots/person_1/1_1781654910142.jpg,1,1,"[825, 692, 842, 716]",0.00016477977667493798,122.90196078431373,5,True,True,True,ACCEPTABLE,,
172,0,0,0,0.9643874681961435,CONFIRMED,0.9989301424840916,0.9125734567642212,0.9643874681961435,120.40857184321885,"[929, 426, 1005, 730]",False,snapshots/person_0/0_1781654910488.jpg,1,1,"[980, 444, 996, 466]",0.00014216294458229943,97.76136363636364,5,True,True,True,ACCEPTABLE,,
172,3,8,8,,PERSON_ONLY_TRACK,,,,0.9004417744410003,"[968, 538, 1028, 744]",True,,0,1,"[968, 538, 1028, 744]",,,,,,,PERSON_ONLY_TRACK,,
173,10,1,1,0.9733885036717469,CONFIRMED,0.9982067722099712,0.9361611008644104,0.9733885036717469,28.863050112300716,"[784, 669, 849, 920]",False,snapshots/person_1/1_1781654913852.jpg,1,1,"[828, 691, 847, 717]",0.00019951276881720431,120.70647773279352,5,True,True,True,ACCEPTABLE,,
173,0,0,0,0.9815584457158321,CONFIRMED,0.9996515175102939,0.9544188380241394,0.9815584457158321,121.39013028893469,"[931, 426, 1005, 730]",False,snapshots/person_0/0_1781654914215.jpg,1,1,"[980, 443, 996, 466]",0.00014862489660876757,99.30434782608695,5,True,True,True,ACCEPTABLE,,
173,3,8,8,,PERSON_ONLY_TRACK,,,,0.9004417744410003,"[968, 537, 1029, 743]",True,,0,1,"[968, 537, 1029, 743]",,,,,,,PERSON_ONLY_TRACK,,
174,0,0,0,0.9644180394540747,CONFIRMED,0.9988358181931113,0.91279137134552,0.9644180394540747,122.35454832838876,"[930, 423, 1022, 743]",False,snapshots/person_0/0_1781654917662.jpg,1,1,"[978, 442, 995, 467]",0.00017164560070306037,105.88235294117646,5,True,True,True,ACCEPTABLE,,
174,10,1,1,0.9688285288085263,CONFIRMED,0.9975894585036107,0.9256871342658997,0.9688285288085263,29.831878641109242,"[787, 672, 854, 920]",False,snapshots/person_1/1_1781654917998.jpg,1,1,"[831, 695, 848, 718]",0.00015791395264681555,115.84398976982096,5,True,True,True,ACCEPTABLE,,
174,3,8,8,,TRACKER_PREDICTED,,,,0.9004417744410003,"[968, 537, 1029, 743]",True,,0,1,"[968, 537, 1029, 743]",,,,,,,TRACKER_PREDICTED,DETECTORS_MISSED,
175,0,0,0,0.9879423322416458,CONFIRMED,0.9991876983207322,0.9710742831230164,0.9879423322416458,123.3424906606304,"[930, 422, 1021, 743]",False,snapshots/person_0/0_1781654921688.jpg,1,1,"[978, 440, 995, 465]",0.00017164560070306037,105.02352941176471,5,True,True,True,ACCEPTABLE,,
175,10,1,1,0.9749774367041697,CONFIRMED,0.9956590583634558,0.9439550042152405,0.9749774367041697,30.80685607781341,"[791, 671, 856, 919]",False,snapshots/person_1/1_1781654922019.jpg,1,1,"[831, 695, 848, 718]",0.00015791395264681555,114.40409207161126,5,True,True,True,ACCEPTABLE,,
175,3,8,8,,TRACKER_PREDICTED,,,,0.9004417744410003,"[968, 537, 1029, 743]",True,,0,1,"[968, 537, 1029, 743]",,,,,,,TRACKER_PREDICTED,DETECTORS_MISSED,
176,3,8,8,0.9041325019454212,CONFIRMED,0.9809779204685244,0.7888643741607666,0.9041325019454212,1.8045742763864214,"[969, 536, 1028, 740]",False,snapshots/person_8/8_1781654925359.jpg,1,1,"[1005, 548, 1020, 566]",0.00010904544044665012,104.15555555555555,5,True,True,True,ACCEPTABLE,,
176,0,0,0,0.9636726686470974,CONFIRMED,0.998013785996912,0.9121609926223755,0.9636726686470974,124.3061633292775,"[929, 419, 1008, 732]",False,snapshots/person_0/0_1781654925679.jpg,1,1,"[980, 438, 997, 463]",0.00017164560070306037,98.6470588235294,5,True,True,True,ACCEPTABLE,,
176,10,1,1,0.9542407268685863,CONFIRMED,0.9962259124389564,0.891262948513031,0.9542407268685863,31.761096804681998,"[797, 672, 857, 923]",False,snapshots/person_1/1_1781654926008.jpg,1,1,"[831, 698, 849, 722]",0.0001744727047146402,119.88657407407408,5,True,True,True,ACCEPTABLE,,
177,10,1,1,0.9640912706082385,CONFIRMED,0.9960542013952004,0.9161468744277954,0.9640912706082385,32.725188075290234,"[803, 673, 856, 926]",False,snapshots/person_1/1_1781654929366.jpg,1,1,"[831, 706, 849, 728]",0.00015993331265508684,124.17424242424242,5,True,True,True,ACCEPTABLE,,
177,0,0,0,0.9644110747819584,CONFIRMED,0.9985474859087734,0.9132064580917358,0.9644110747819584,125.27057440405946,"[930, 419, 1022, 737]",False,snapshots/person_0/0_1781654929696.jpg,1,1,"[980, 438, 997, 461]",0.00015791395264681555,100.89514066496163,5,True,True,True,ACCEPTABLE,,
177,3,8,8,,TRACKER_PREDICTED,,,,1.8045742763864214,"[969, 536, 1028, 740]",True,,0,1,"[1005, 548, 1020, 566]",,,,,,,TRACKER_PREDICTED,DETECTORS_MISSED,
178,10,1,1,0.9542732417966704,CONFIRMED,0.9971315762045948,0.8899857401847839,0.9542732417966704,33.679461317086904,"[805, 675, 856, 924]",False,snapshots/person_1/1_1781654932969.jpg,1,1,"[831, 705, 849, 730]",0.00018174240074441688,123.13555555555556,5,True,True,True,ACCEPTABLE,,
178,0,0,0,0.9727741664894527,CONFIRMED,0.9995413929634801,0.9326233267784119,0.9727741664894527,126.24334857054892,"[930, 418, 1020, 739]",False,snapshots/person_0/0_1781654933294.jpg,1,1,"[980, 437, 997, 460]",0.00015791395264681555,100.54219948849105,5,True,True,True,ACCEPTABLE,,
178,3,8,8,,PERSON_ONLY_TRACK,,,,1.8045742763864214,"[971, 547, 1031, 751]",True,,0,1,"[971, 547, 1031, 751]",,,,,,,PERSON_ONLY_TRACK,,
179,0,0,0,0.9640101671305721,CONFIRMED,0.997090697302988,0.9143893718719482,0.9640101671305721,127.20735873767948,"[930, 417, 1028, 739]",False,snapshots/person_0/0_1781654936555.jpg,1,1,"[981, 432, 997, 455]",0.00014862489660876757,91.44836956521739,5,True,True,True,ACCEPTABLE,,
179,10,1,1,0.9631377450073866,CONFIRMED,0.99715777096568,0.9121077060699463,0.9631377450073866,34.64259906209429,"[807, 679, 855, 927]",False,snapshots/person_1/1_1781654936876.jpg,1,1,"[830, 707, 849, 733]",0.00019951276881720431,119.19635627530364,5,True,True,True,ACCEPTABLE,,
179,3,8,8,,TRACKER_PREDICTED,,,,1.8045742763864214,"[971, 547, 1031, 751]",True,,0,1,"[971, 547, 1031, 751]",,,,,,,TRACKER_PREDICTED,DETECTORS_MISSED,
180,10,1,1,0.9437714374783077,CONFIRMED,0.9880155783100987,0.8774052262306213,0.9437714374783077,35.586370499572595,"[806, 679, 855, 927]",False,snapshots/person_1/1_1781654940216.jpg,1,1,"[830, 707, 848, 731]",0.0001744727047146402,110.16898148148148,5,True,True,True,ACCEPTABLE,,
180,0,0,0,0.9599766632269175,CONFIRMED,0.9965845976191016,0.9050647616386414,0.9599766632269175,128.1673354009064,"[927, 417, 1014, 745]",False,snapshots/person_0/0_1781654940557.jpg,1,1,"[980, 438, 997, 460]",0.00015104812861869312,107.07754010695187,5,True,True,True,ACCEPTABLE,,
180,3,8,8,,PERSON_ONLY_TRACK,,,,1.8045742763864214,"[975, 544, 1029, 749]",True,,0,1,"[975, 544, 1029, 749]",,,,,,,PERSON_ONLY_TRACK,,
181,0,0,0,0.967213802024573,CONFIRMED,0.9998242531962691,0.9182981252670288,0.967213802024573,129.13454920293097,"[927, 417, 1025, 749]",False,snapshots/person_0/0_1781654944030.jpg,1,1,"[980, 438, 997, 460]",0.00015104812861869312,107.5855614973262,5,True,True,True,ACCEPTABLE,,
181,10,1,1,0.9775966181109224,CONFIRMED,0.9969786825693105,0.9485235214233398,0.9775966181109224,36.56396711768352,"[805, 681, 856, 928]",False,snapshots/person_1/1_1781654944363.jpg,1,1,"[830, 708, 848, 733]",0.00018174240074441688,110.79333333333334,5,True,True,True,ACCEPTABLE,,
181,3,8,8,,TRACKER_PREDICTED,,,,1.8045742763864214,"[975, 544, 1029, 749]",True,,0,1,"[975, 544, 1029, 749]",,,,,,,TRACKER_PREDICTED,DETECTORS_MISSED,
182,0,0,0,,PERSON_ONLY_TRACK,,,,129.13454920293097,"[927, 418, 1006, 741]",True,,0,1,"[927, 418, 1006, 741]",,,,,,,PERSON_ONLY_TRACK,,
182,3,8,8,,PERSON_ONLY_TRACK,,,,1.8045742763864214,"[978, 543, 1032, 750]",True,,0,1,"[978, 543, 1032, 750]",,,,,,,PERSON_ONLY_TRACK,,
182,10,1,1,,PERSON_ONLY_TRACK,,,,36.56396711768352,"[803, 684, 856, 931]",True,,0,1,"[803, 684, 856, 931]",,,,,,,PERSON_ONLY_TRACK,,
183,10,1,1,0.9601071854950387,CONFIRMED,0.9965312912267777,0.9054710268974304,0.9601071854950387,37.52407430317856,"[803, 687, 854, 933]",False,snapshots/person_1/1_1781654951413.jpg,1,1,"[830, 718, 848, 742]",0.0001744727047146402,116.85185185185185,5,True,True,True,ACCEPTABLE,,
183,0,0,0,0.9631062040327895,CONFIRMED,0.9975066200890322,0.9115055799484253,0.9631062040327895,130.09765540696375,"[926, 418, 1006, 738]",False,snapshots/person_0/0_1781654951748.jpg,1,1,"[980, 437, 997, 461]",0.00016477977667493798,106.39950980392157,5,True,True,True,ACCEPTABLE,,
183,3,8,8,,PERSON_ONLY_TRACK,,,,1.8045742763864214,"[978, 543, 1032, 750]",True,,0,1,"[978, 543, 1032, 750]",,,,,,,PERSON_ONLY_TRACK,,
184,0,0,0,0.9801259945365222,CONFIRMED,0.9973663009756853,0.9542655348777771,0.9801259945365222,131.0777814015003,"[926, 418, 1007, 742]",False,snapshots/person_0/0_1781654955081.jpg,1,1,"[980, 433, 997, 455]",0.00015104812861869312,99.04010695187166,5,True,True,True,ACCEPTABLE,,
184,3,8,8,,PERSON_ONLY_TRACK,,,,1.8045742763864214,"[978, 543, 1033, 750]",True,,0,1,"[978, 543, 1033, 750]",,,,,,,PERSON_ONLY_TRACK,,
184,10,1,1,,PERSON_ONLY_TRACK,,,,37.52407430317856,"[801, 687, 856, 929]",True,,0,1,"[801, 687, 856, 929]",,,,,,,PERSON_ONLY_TRACK,,
185,0,0,0,0.9826741384597333,CONFIRMED,0.9977226136677316,0.9601014256477356,0.9826741384597333,132.06045553996003,"[926, 418, 1011, 747]",False,snapshots/person_0/0_1781654958571.jpg,1,1,"[981, 438, 998, 461]",0.00015791395264681555,105.46291560102301,5,True,True,True,ACCEPTABLE,,
185,10,1,1,,PERSON_ONLY_TRACK,,,,37.52407430317856,"[804, 685, 857, 944]",True,,0,1,"[804, 685, 857, 944]",,,,,,,PERSON_ONLY_TRACK,,
185,3,8,8,,TRACKER_PREDICTED,,,,1.8045742763864214,"[978, 543, 1033, 750]",True,,0,1,"[978, 543, 1033, 750]",,,,,,,TRACKER_PREDICTED,DETECTORS_MISSED,
186,10,1,1,0.9319444767394279,CONFIRMED,0.9963698174818711,0.8353064656257629,0.9319444767394279,38.45601877991798,"[805, 688, 860, 947]",False,snapshots/person_1/1_1781654962078.jpg,1,1,"[834, 718, 853, 744]",0.00019951276881720431,117.38663967611336,5,True,True,True,ACCEPTABLE,,
186,0,0,0,,PERSON_ONLY_TRACK,,,,132.06045553996003,"[925, 415, 1033, 749]",True,,0,1,"[925, 415, 1033, 749]",,,,,,,PERSON_ONLY_TRACK,,
186,3,8,8,,TRACKER_PREDICTED,,,,1.8045742763864214,"[978, 543, 1033, 750]",True,,0,1,"[978, 543, 1033, 750]",,,,,,,TRACKER_PREDICTED,DETECTORS_MISSED,
187,10,1,1,0.9759002450493337,CONFIRMED,0.9978061522688072,0.9430413842201233,0.9759002450493337,39.431919024967314,"[805, 687, 862, 952]",False,snapshots/person_1/1_1781654965647.jpg,1,1,"[835, 718, 854, 744]",0.00019951276881720431,114.76113360323886,5,True,True,True,ACCEPTABLE,,
187,0,0,0,,PERSON_ONLY_TRACK,,,,132.06045553996003,"[926, 412, 1026, 746]",True,,0,1,"[926, 412, 1026, 746]",,,,,,,PERSON_ONLY_TRACK,,
187,3,8,8,,PERSON_ONLY_TRACK,,,,1.8045742763864214,"[981, 545, 1036, 749]",True,,0,1,"[981, 545, 1036, 749]",,,,,,,PERSON_ONLY_TRACK,,
188,10,1,1,0.9661037887377406,CONFIRMED,0.998773449865127,0.9170992970466614,0.9661037887377406,40.398022813705055,"[806, 691, 862, 966]",False,snapshots/person_1/1_1781654969325.jpg,1,1,"[838, 720, 857, 746]",0.00019951276881720431,113.58502024291498,5,True,True,True,ACCEPTABLE,,
188,0,0,0,,PERSON_ONLY_TRACK,,,,132.06045553996003,"[926, 410, 1016, 738]",True,,0,1,"[926, 410, 1016, 738]",,,,,,,PERSON_ONLY_TRACK,,
188,3,8,8,,PERSON_ONLY_TRACK,,,,1.8045742763864214,"[981, 559, 1038, 748]",True,,0,1,"[981, 559, 1038, 748]",,,,,,,PERSON_ONLY_TRACK,,
189,0,0,0,0.9437557160582937,CONFIRMED,0.9968424140954674,0.864125669002533,0.9437557160582937,133.00421125601832,"[927, 409, 1016, 734]",False,snapshots/person_0/0_1781654972770.jpg,1,1,"[975, 430, 994, 456]",0.00019951276881720431,100.8582995951417,5,True,True,True,ACCEPTABLE,,
189,10,1,1,,PERSON_ONLY_TRACK,,,,40.398022813705055,"[806, 699, 866, 973]",True,,0,1,"[806, 699, 866, 973]",,,,,,,PERSON_ONLY_TRACK,,
189,3,8,8,,TRACKER_PREDICTED,,,,1.8045742763864214,"[981, 559, 1038, 748]",True,,0,1,"[981, 559, 1038, 748]",,,,,,,TRACKER_PREDICTED,DETECTORS_MISSED,
190,10,1,1,0.9553618802843804,CONFIRMED,0.997778477638681,0.8917369842529297,0.9553618802843804,41.35338469398943,"[807, 704, 870, 973]",False,snapshots/person_1/1_1781654976287.jpg,1,1,"[846, 730, 865, 754]",0.00018416563275434243,117.83552631578948,5,True,True,True,ACCEPTABLE,,
190,0,0,0,,PERSON_ONLY_TRACK,,,,133.00421125601832,"[927, 409, 1015, 734]",True,,0,1,"[927, 409, 1015, 734]",,,,,,,PERSON_ONLY_TRACK,,
190,3,8,8,,TRACKER_PREDICTED,,,,1.8045742763864214,"[981, 559, 1038, 748]",True,,0,1,"[981, 559, 1038, 748]",,,,,,,TRACKER_PREDICTED,DETECTORS_MISSED,
191,10,1,1,0.956925866426853,CONFIRMED,0.9978779114316364,0.8954977989196777,0.956925866426853,42.31031056041628,"[809, 703, 879, 973]",False,snapshots/person_1/1_1781654979684.jpg,1,1,"[851, 728, 872, 755]",0.00022899542493796525,117.74250440917108,5,True,True,True,ACCEPTABLE,,
191,0,0,0,,PERSON_ONLY_TRACK,,,,133.00421125601832,"[927, 409, 1017, 733]",True,,0,1,"[927, 409, 1017, 733]",,,,,,,PERSON_ONLY_TRACK,,
191,3,8,8,,TRACKER_PREDICTED,,,,1.8045742763864214,"[981, 559, 1038, 748]",True,,0,1,"[981, 559, 1038, 748]",,,,,,,TRACKER_PREDICTED,DETECTORS_MISSED,
192,10,1,1,0.9325322643631075,CONFIRMED,0.994866453229284,0.8390309810638428,0.9325322643631075,43.24284282477939,"[812, 705, 885, 972]",False,snapshots/person_1/1_1781654983081.jpg,1,1,"[858, 730, 876, 754]",0.0001744727047146402,105.75,5,True,True,True,ACCEPTABLE,,
192,0,0,0,0.9443686334392238,CONFIRMED,0.9966080731982668,0.8660094738006592,0.9443686334392238,133.94857988945753,"[927, 409, 1025, 734]",False,snapshots/person_0/0_1781654983406.jpg,1,1,"[978, 431, 994, 454]",0.00014862489660876757,104.57608695652173,5,True,True,True,ACCEPTABLE,,
192,3,8,8,,TRACKER_PREDICTED,,,,1.8045742763864214,"[981, 559, 1038, 748]",True,,0,1,"[981, 559, 1038, 748]",,,,,,,TRACKER_PREDICTED,DETECTORS_MISSED,
193,10,1,1,0.9586094451997161,CONFIRMED,0.9981244526064199,0.8993369340896606,0.9586094451997161,44.2014522699791,"[814, 705, 886, 973]",False,snapshots/person_1/1_1781654986701.jpg,1,1,"[859, 732, 876, 756]",0.00016477977667493798,110.14460784313725,5,True,True,True,ACCEPTABLE,,
193,0,0,0,0.9857443237097372,CONFIRMED,0.9999743143371922,0.9643993377685547,0.9857443237097372,134.93432421316726,"[926, 409, 1025, 735]",False,snapshots/person_0/0_1781654987307.jpg,1,1,"[978, 431, 994, 454]",0.00014862489660876757,104.41032608695652,5,True,True,True,ACCEPTABLE,,
193,3,8,8,,TRACKER_PREDICTED,,,,1.8045742763864214,"[981, 559, 1038, 748]",True,,0,1,"[981, 559, 1038, 748]",,,,,,,TRACKER_PREDICTED,DETECTORS_MISSED,
194,10,1,1,0.9668017945149723,CONFIRMED,0.9982539550230212,0.9196235537528992,0.9668017945149723,45.16825406449407,"[824, 710, 888, 975]",False,snapshots/person_1/1_1781654992580.jpg,1,1,"[862, 733, 881, 758]",0.00019183920078577336,104.36421052631579,5,True,True,True,ACCEPTABLE,,
194,0,0,0,0.9813049964000204,CONFIRMED,0.9998836801928647,0.9534369707107544,0.9813049964000204,135.91562920956727,"[926, 409, 1025, 735]",False,snapshots/person_0/0_1781654992910.jpg,1,1,"[978, 431, 994, 454]",0.00014862489660876757,104.3125,5,True,True,True,ACCEPTABLE,,
194,3,8,8,,TRACKER_PREDICTED,,,,1.8045742763864214,"[981, 559, 1038, 748]",True,,0,1,"[981, 559, 1038, 748]",,,,,,,TRACKER_PREDICTED,DETECTORS_MISSED,
195,10,1,1,0.9652127873589587,CONFIRMED,0.9979071040434954,0.9161713123321533,0.9652127873589587,46.13346685185303,"[831, 715, 891, 975]",False,snapshots/person_1/1_1781654996653.jpg,1,1,"[864, 740, 884, 767]",0.00021809088089330025,111.79629629629629,5,True,True,True,ACCEPTABLE,,
195,0,0,0,0.9719619335212084,CONFIRMED,0.9985859495861287,0.9320259094238281,0.9719619335212084,136.88759114308849,"[926, 408, 1020, 735]",False,snapshots/person_0/0_1781654997018.jpg,1,1,"[978, 431, 994, 453]",0.00014216294458229943,104.39772727272727,5,True,True,True,ACCEPTABLE,,
195,3,8,8,,TRACKER_PREDICTED,,,,1.8045742763864214,"[981, 559, 1038, 748]",True,,0,1,"[981, 559, 1038, 748]",,,,,,,TRACKER_PREDICTED,DETECTORS_MISSED,
196,0,0,0,0.9722008311223578,CONFIRMED,0.9980607965707102,0.9334108829498291,0.9722008311223578,137.85979197421085,"[925, 408, 1015, 735]",False,snapshots/person_0/0_1781655000623.jpg,1,1,"[977, 431, 993, 453]",0.00014216294458229943,103.33806818181819,5,True,True,True,ACCEPTABLE,,
196,10,1,1,0.9730971649725675,CONFIRMED,0.9987696534129379,0.9345884323120117,0.9730971649725675,47.106564016825594,"[832, 719, 893, 975]",False,snapshots/person_1/1_1781655000959.jpg,1,1,"[865, 742, 884, 769]",0.00020718633684863524,109.12865497076024,5,True,True,True,ACCEPTABLE,,
196,3,8,8,,TRACKER_PREDICTED,,,,1.8045742763864214,"[981, 559, 1038, 748]",True,,0,1,"[981, 559, 1038, 748]",,,,,,,TRACKER_PREDICTED,DETECTORS_MISSED,
197,0,0,0,0.9768575349865912,CONFIRMED,0.998172110885143,0.9448856711387634,0.9768575349865912,138.83664950919743,"[925, 406, 999, 735]",False,snapshots/person_0/0_1781655004341.jpg,1,1,"[977, 431, 994, 454]",0.00015791395264681555,109.14322250639387,5,True,True,True,ACCEPTABLE,,
197,11,4,4,0.8529667520930707,INITIAL_RECOGNITION,0.9923370123588939,0.6439113616943359,0.8529667520930707,0.8529667520930707,"[630, 189, 670, 351]",True,snapshots/person_4/4_1781655004760.jpg,1,1,"[640, 197, 660, 225]",0.00022616832092638544,125.24642857142857,5,True,True,True,ACCEPTABLE,,"10,11"
197,10,1,1,,PERSON_ONLY_TRACK,,,,47.106564016825594,"[833, 723, 898, 983]",True,,0,1,"[833, 723, 898, 983]",,,,,,,PERSON_ONLY_TRACK,,
197,3,8,8,,TRACKER_PREDICTED,,,,1.8045742763864214,"[981, 559, 1038, 748]",True,,0,1,"[981, 559, 1038, 748]",,,,,,,TRACKER_PREDICTED,DETECTORS_MISSED,
198,0,0,0,0.9788215257177852,CONFIRMED,0.9978081944005527,0.950341522693634,0.9788215257177852,139.81547103491522,"[925, 405, 997, 735]",False,snapshots/person_0/0_1781655008254.jpg,1,1,"[978, 429, 994, 452]",0.00014862489660876757,111.22282608695652,5,True,True,True,ACCEPTABLE,,
198,10,1,1,0.9411784747745013,CONFIRMED,0.9968804683131336,0.8576254844665527,0.9411784747745013,48.0477424916001,"[832, 731, 897, 1007]",False,snapshots/person_1/1_1781655008592.jpg,1,1,"[868, 761, 890, 788]",0.00023989996898263026,114.84848484848484,5,True,True,True,ACCEPTABLE,,
198,3,8,8,,TRACKER_PREDICTED,,,,1.8045742763864214,"[981, 559, 1038, 748]",True,,0,1,"[981, 559, 1038, 748]",,,,,,,TRACKER_PREDICTED,DETECTORS_MISSED,
198,11,4,4,,TRACKER_PREDICTED,,,,0.8529667520930707,"[630, 189, 670, 351]",True,,0,1,"[640, 197, 660, 225]",,,,,,,TRACKER_PREDICTED,DETECTORS_MISSED,
199,10,1,1,0.9803052758102511,CONFIRMED,0.9960401215362704,0.9567030072212219,0.9803052758102511,49.02804776741035,"[834, 733, 897, 1007]",False,snapshots/person_1/1_1781655013409.jpg,1,1,"[864, 766, 881, 790]",0.00016477977667493798,121.79901960784314,5,True,True,True,ACCEPTABLE,,
199,0,0,0,0.9944577449382168,CONFIRMED,0.9999999592404931,0.9861444234848022,0.9944577449382168,140.80992877985344,"[925, 405, 997, 735]",False,snapshots/person_0/0_1781655013818.jpg,1,1,"[978, 429, 994, 452]",0.00014862489660876757,111.22282608695652,5,True,True,True,ACCEPTABLE,,
199,11,4,4,,TRACKER_PREDICTED,,,,0.8529667520930707,"[630, 189, 670, 351]",True,,0,1,"[640, 197, 660, 225]",,,,,,,TRACKER_PREDICTED,DETECTORS_MISSED,
200,0,0,0,,PERSON_ONLY_TRACK,,,,140.80992877985344,"[926, 403, 997, 735]",True,,0,1,"[926, 403, 997, 735]",,,,,,,PERSON_ONLY_TRACK,,
200,10,1,1,,PERSON_ONLY_TRACK,,,,49.02804776741035,"[840, 738, 900, 1008]",True,,0,1,"[840, 738, 900, 1008]",,,,,,,PERSON_ONLY_TRACK,,
200,11,4,4,,TRACKER_PREDICTED,,,,0.8529667520930707,"[630, 189, 670, 351]",True,,0,1,"[640, 197, 660, 225]",,,,,,,TRACKER_PREDICTED,DETECTORS_MISSED,
201,0,0,0,,PERSON_ONLY_TRACK,,,,140.80992877985344,"[926, 402, 997, 735]",True,,0,1,"[926, 402, 997, 735]",,,,,,,PERSON_ONLY_TRACK,,
201,10,1,1,,PERSON_ONLY_TRACK,,,,49.02804776741035,"[842, 739, 902, 1020]",True,,0,1,"[842, 739, 902, 1020]",,,,,,,PERSON_ONLY_TRACK,,
201,11,4,4,,TRACKER_PREDICTED,,,,0.8529667520930707,"[630, 189, 670, 351]",True,,0,1,"[640, 197, 660, 225]",,,,,,,TRACKER_PREDICTED,DETECTORS_MISSED,
202,10,1,1,0.9281529230833911,CONFIRMED,0.9955500038068928,0.8270573019981384,0.9281529230833911,49.95620069049374,"[843, 748, 903, 1031]",False,snapshots/person_1/1_1781655024388.jpg,1,1,"[874, 776, 893, 802]",0.00019951276881720431,109.8582995951417,5,True,True,True,ACCEPTABLE,,
202,0,0,0,0.9713781337169051,CONFIRMED,0.9974813825930554,0.9322232604026794,0.9713781337169051,141.78130691357035,"[928, 402, 997, 735]",False,snapshots/person_0/0_1781655024719.jpg,1,1,"[976, 427, 993, 450]",0.00015791395264681555,112.27109974424552,5,True,True,True,ACCEPTABLE,,
202,11,4,4,,TRACKER_PREDICTED,,,,0.8529667520930707,"[630, 189, 670, 351]",True,,0,1,"[640, 197, 660, 225]",,,,,,,TRACKER_PREDICTED,DETECTORS_MISSED,
203,10,1,1,0.9636667559540677,CONFIRMED,0.9966002421240686,0.9142665266990662,0.9636667559540677,50.9198674464478,"[842, 750, 909, 1038]",False,snapshots/person_1/1_1781655028501.jpg,1,1,"[882, 783, 904, 813]",0.00026655552109181144,113.88333333333334,5,True,True,True,ACCEPTABLE,,
203,0,0,0,,PERSON_ONLY_TRACK,,,,141.78130691357035,"[928, 402, 996, 735]",True,,0,1,"[928, 402, 996, 735]",,,,,,,PERSON_ONLY_TRACK,,
203,11,4,4,,TRACKER_PREDICTED,,,,0.8529667520930707,"[630, 189, 670, 351]",True,,0,1,"[640, 197, 660, 225]",,,,,,,TRACKER_PREDICTED,DETECTORS_MISSED,
204,10,1,1,0.9466199962693463,CONFIRMED,0.9962883936693289,0.8721174001693726,0.9466199962693463,51.86648744271715,"[847, 755, 916, 1044]",False,snapshots/person_1/1_1781655032407.jpg,1,1,"[888, 787, 907, 815]",0.00021485990488006617,108.15789473684211,5,True,True,True,ACCEPTABLE,,
204,0,0,0,,PERSON_ONLY_TRACK,,,,141.78130691357035,"[930, 401, 995, 734]",True,,0,1,"[930, 401, 995, 734]",,,,,,,PERSON_ONLY_TRACK,,
204,11,4,4,,TRACKER_PREDICTED,,,,0.8529667520930707,"[630, 189, 670, 351]",True,,0,1,"[640, 197, 660, 225]",,,,,,,TRACKER_PREDICTED,DETECTORS_MISSED,
205,10,1,1,0.9613484480746826,CONFIRMED,0.9979101980342201,0.906505823135376,0.9613484480746826,52.82783589079183,"[847, 758, 918, 1048]",False,snapshots/person_1/1_1781655036030.jpg,1,1,"[893, 790, 915, 819]",0.0002576703370554177,112.81974921630093,5,True,True,True,ACCEPTABLE,,
205,0,0,0,,PERSON_ONLY_TRACK,,,,141.78130691357035,"[930, 401, 995, 734]",True,,0,1,"[930, 401, 995, 734]",,,,,,,PERSON_ONLY_TRACK,,
205,11,4,4,,TRACKER_PREDICTED,,,,0.8529667520930707,"[630, 189, 670, 351]",True,,0,1,"[640, 197, 660, 225]",,,,,,,TRACKER_PREDICTED,DETECTORS_MISSED,
206,10,1,1,0.9454819597079531,CONFIRMED,0.9978028001510725,0.8670006990432739,0.9454819597079531,53.77331785049979,"[854, 767, 923, 1053]",False,snapshots/person_1/1_1781655039694.jpg,1,1,"[897, 795, 917, 823]",0.00022616832092638544,110.41964285714286,5,True,True,True,ACCEPTABLE,,
206,0,0,0,,PERSON_ONLY_TRACK,,,,141.78130691357035,"[930, 401, 995, 734]",True,,0,1,"[930, 401, 995, 734]",,,,,,,PERSON_ONLY_TRACK,,
206,11,4,4,,TRACKER_PREDICTED,,,,0.8529667520930707,"[630, 189, 670, 351]",True,,0,1,"[640, 197, 660, 225]",,,,,,,TRACKER_PREDICTED,DETECTORS_MISSED,
207,10,1,1,0.9346555803624015,CONFIRMED,0.9978561955040066,0.8398546576499939,0.9346555803624015,54.70797343086219,"[864, 771, 929, 1054]",False,snapshots/person_1/1_1781655043751.jpg,1,1,"[902, 801, 924, 827]",0.00023101478494623657,109.96503496503496,5,True,True,True,ACCEPTABLE,,
207,0,0,0,,PERSON_ONLY_TRACK,,,,141.78130691357035,"[930, 401, 995, 735]",True,,0,1,"[930, 401, 995, 735]",,,,,,,PERSON_ONLY_TRACK,,
207,11,4,4,,TRACKER_PREDICTED,,,,0.8529667520930707,"[630, 189, 670, 351]",True,,0,1,"[640, 197, 660, 225]",,,,,,,TRACKER_PREDICTED,DETECTORS_MISSED,
208,10,1,1,0.9714184684080875,CONFIRMED,0.9974101256203315,0.9324309825897217,0.9714184684080875,55.67939189927028,"[866, 775, 929, 1062]",False,snapshots/person_1/1_1781655047385.jpg,1,1,"[904, 806, 925, 834]",0.0002374767369727047,112.52380952380952,5,True,True,True,ACCEPTABLE,,
208,0,0,0,,PERSON_ONLY_TRACK,,,,141.78130691357035,"[931, 401, 994, 735]",True,,0,1,"[931, 401, 994, 735]",,,,,,,PERSON_ONLY_TRACK,,
209,10,1,1,0.9388084500801229,CONFIRMED,0.998168125710829,0.8497689366340637,0.9388084500801229,56.6182003493504,"[869, 781, 934, 1059]",False,snapshots/person_1/1_1781655050719.jpg,1,1,"[905, 814, 926, 841]",0.00022899542493796525,110.01410934744268,5,True,True,True,ACCEPTABLE,,
209,0,0,0,,PERSON_ONLY_TRACK,,,,141.78130691357035,"[931, 401, 995, 734]",True,,0,1,"[931, 401, 995, 734]",,,,,,,PERSON_ONLY_TRACK,,
210,10,1,1,0.9405171557317733,CONFIRMED,0.997652001521746,0.854814887046814,0.9405171557317733,57.55871750508218,"[875, 792, 936, 1084]",False,snapshots/person_1/1_1781655054060.jpg,1,1,"[907, 824, 927, 850]",0.00021001344086021506,110.21153846153847,5,True,True,True,ACCEPTABLE,,
210,0,0,0,,PERSON_ONLY_TRACK,,,,141.78130691357035,"[931, 401, 995, 734]",True,,0,1,"[931, 401, 995, 734]",,,,,,,PERSON_ONLY_TRACK,,
211,10,1,1,0.975892389296521,CONFIRMED,0.9974556175851643,0.9435475468635559,0.975892389296521,58.5346098943787,"[876, 794, 936, 1094]",False,snapshots/person_1/1_1781655057490.jpg,1,1,"[906, 826, 928, 855]",0.0002576703370554177,112.44827586206897,5,True,True,True,ACCEPTABLE,,
211,0,0,0,,PERSON_ONLY_TRACK,,,,141.78130691357035,"[931, 401, 995, 734]",True,,0,1,"[931, 401, 995, 734]",,,,,,,PERSON_ONLY_TRACK,,
212,10,1,1,0.9333243907830995,CONFIRMED,0.9975786310669253,0.8369430303573608,0.9333243907830995,59.467934285161796,"[877, 797, 952, 1098]",False,snapshots/person_1/1_1781655061026.jpg,1,1,"[906, 834, 926, 863]",0.00023424576095947062,120.80862068965517,5,True,True,True,ACCEPTABLE,,
212,0,0,0,,PERSON_ONLY_TRACK,,,,141.78130691357035,"[931, 401, 995, 734]",True,,0,1,"[931, 401, 995, 734]",,,,,,,PERSON_ONLY_TRACK,,
213,10,1,1,0.9355656379429054,CONFIRMED,0.9987692425594648,0.8407602310180664,0.9355656379429054,60.403499923104704,"[877, 806, 944, 1098]",False,snapshots/person_1/1_1781655064431.jpg,1,1,"[910, 841, 930, 871]",0.00024232320099255584,114.81,5,True,True,True,ACCEPTABLE,,
213,0,0,0,,PERSON_ONLY_TRACK,,,,141.78130691357035,"[931, 401, 995, 735]",True,,0,1,"[931, 401, 995, 735]",,,,,,,PERSON_ONLY_TRACK,,
214,0,0,0,,PERSON_ONLY_TRACK,,,,141.78130691357035,"[931, 401, 995, 735]",True,,0,1,"[931, 401, 995, 735]",,,,,,,PERSON_ONLY_TRACK,,
214,10,1,1,,PERSON_ONLY_TRACK,,,,60.403499923104704,"[877, 810, 944, 1108]",True,,0,1,"[877, 810, 944, 1108]",,,,,,,PERSON_ONLY_TRACK,,
215,10,1,1,0.9510547236725623,CONFIRMED,0.9975244727606466,0.8813501000404358,0.9510547236725623,61.35455464677727,"[878, 824, 951, 1130]",False,snapshots/person_1/1_1781655071438.jpg,1,1,"[920, 865, 939, 893]",0.00021485990488006617,108.85714285714286,5,True,True,True,ACCEPTABLE,,
215,0,0,0,,PERSON_ONLY_TRACK,,,,141.78130691357035,"[931, 401, 995, 735]",True,,0,1,"[931, 401, 995, 735]",,,,,,,PERSON_ONLY_TRACK,,
216,10,1,1,0.9248046112135375,CONFIRMED,0.997217170409912,0.8161857724189758,0.9248046112135375,62.279359257990805,"[876, 840, 959, 1151]",False,snapshots/person_1/1_1781655074985.jpg,1,1,"[930, 875, 952, 904]",0.0002576703370554177,102.96394984326018,5,True,True,True,ACCEPTABLE,,
216,0,0,0,,PERSON_ONLY_TRACK,,,,141.78130691357035,"[931, 400, 996, 734]",True,,0,1,"[931, 400, 996, 734]",,,,,,,PERSON_ONLY_TRACK,,
217,10,1,1,0.9571242386892047,CONFIRMED,0.9985286882841931,0.8950175642967224,0.9571242386892047,63.23648349668001,"[878, 840, 962, 1153]",False,snapshots/person_1/1_1781655078452.jpg,1,1,"[934, 877, 954, 905]",0.00022616832092638544,98.2,5,True,True,True,ACCEPTABLE,,
217,0,0,0,,PERSON_ONLY_TRACK,,,,141.78130691357035,"[931, 400, 996, 735]",True,,0,1,"[931, 400, 996, 735]",,,,,,,PERSON_ONLY_TRACK,,
218,10,1,1,0.9570244976194168,CONFIRMED,0.9966127389522832,0.8976421356201172,0.9570244976194168,64.19350799429942,"[886, 846, 972, 1152]",False,snapshots/person_1/1_1781655082170.jpg,1,1,"[942, 889, 965, 917]",0.0002600935690653433,109.24378881987577,5,True,True,True,ACCEPTABLE,,
218,0,0,0,,PERSON_ONLY_TRACK,,,,141.78130691357035,"[931, 400, 996, 734]",True,,0,1,"[931, 400, 996, 734]",,,,,,,PERSON_ONLY_TRACK,,
219,10,1,1,0.939338379258764,CONFIRMED,0.9955499257558784,0.855021059513092,0.939338379258764,65.13284637355818,"[901, 855, 978, 1154]",False,snapshots/person_1/1_1781655086487.jpg,1,1,"[943, 892, 965, 921]",0.0002576703370554177,97.46238244514106,5,True,True,True,ACCEPTABLE,,
219,0,0,0,,PERSON_ONLY_TRACK,,,,141.78130691357035,"[932, 400, 996, 733]",True,,0,1,"[932, 400, 996, 733]",,,,,,,PERSON_ONLY_TRACK,,
219,12,9,9,0.6488239765167236,PERSON_ONLY_NEW_IDENTITY,,0.6488239765167236,0.6488239765167236,0.6488239765167236,"[601, 1037, 751, 1662]",True,,0,1,"[601, 1037, 751, 1662]",,,,,,,PERSON_ONLY,,
220,10,1,1,0.9520592446973566,CONFIRMED,0.9943186832551565,0.8886700868606567,0.9520592446973566,66.08490561825553,"[903, 862, 984, 1159]",False,snapshots/person_1/1_1781655091059.jpg,1,1,"[944, 892, 961, 916]",0.00016477977667493798,92.74754901960785,5,True,True,True,ACCEPTABLE,,
220,0,0,0,,PERSON_ONLY_TRACK,,,,141.78130691357035,"[932, 400, 996, 734]",True,,0,1,"[932, 400, 996, 734]",,,,,,,PERSON_ONLY_TRACK,,
220,12,9,9,,TRACKER_PREDICTED,,,,0.6488239765167236,"[601, 1037, 751, 1662]",True,,0,1,"[601, 1037, 751, 1662]",,,,,,,TRACKER_PREDICTED,DETECTORS_MISSED,
221,0,0,0,,PERSON_ONLY_TRACK,,,,141.78130691357035,"[932, 400, 996, 734]",True,,0,1,"[932, 400, 996, 734]",,,,,,,PERSON_ONLY_TRACK,,
221,10,1,1,,PERSON_ONLY_TRACK,,,,66.08490561825553,"[902, 872, 985, 1167]",True,,0,1,"[902, 872, 985, 1167]",,,,,,,PERSON_ONLY_TRACK,,
221,12,9,9,,PERSON_ONLY_TRACK,,,,0.6488239765167236,"[598, 988, 731, 1637]",True,,0,1,"[598, 988, 731, 1637]",,,,,,,PERSON_ONLY_TRACK,,
222,0,0,0,,PERSON_ONLY_TRACK,,,,141.78130691357035,"[932, 401, 997, 734]",True,,0,1,"[932, 401, 997, 734]",,,,,,,PERSON_ONLY_TRACK,,
222,10,1,1,,PERSON_ONLY_TRACK,,,,66.08490561825553,"[907, 878, 982, 1204]",True,,0,1,"[907, 878, 982, 1204]",,,,,,,PERSON_ONLY_TRACK,,
222,12,9,9,,PERSON_ONLY_TRACK,,,,0.6488239765167236,"[594, 957, 718, 1598]",True,,0,1,"[594, 957, 718, 1598]",,,,,,,PERSON_ONLY_TRACK,,
223,0,0,0,,PERSON_ONLY_TRACK,,,,141.78130691357035,"[932, 402, 997, 734]",True,,0,1,"[932, 402, 997, 734]",,,,,,,PERSON_ONLY_TRACK,,
223,10,1,1,,PERSON_ONLY_TRACK,,,,66.08490561825553,"[911, 883, 985, 1201]",True,,0,1,"[911, 883, 985, 1201]",,,,,,,PERSON_ONLY_TRACK,,
223,12,9,9,,PERSON_ONLY_TRACK,,,,0.6488239765167236,"[596, 944, 717, 1597]",True,,0,1,"[596, 944, 717, 1597]",,,,,,,PERSON_ONLY_TRACK,,
224,0,0,0,,PERSON_ONLY_TRACK,,,,141.78130691357035,"[932, 402, 997, 734]",True,,0,1,"[932, 402, 997, 734]",,,,,,,PERSON_ONLY_TRACK,,
224,10,1,1,,PERSON_ONLY_TRACK,,,,66.08490561825553,"[912, 888, 985, 1202]",True,,0,1,"[912, 888, 985, 1202]",,,,,,,PERSON_ONLY_TRACK,,
224,12,9,9,,TRACKER_PREDICTED,,,,0.6488239765167236,"[596, 944, 717, 1597]",True,,0,1,"[596, 944, 717, 1597]",,,,,,,TRACKER_PREDICTED,DETECTORS_MISSED,
225,0,0,0,,PERSON_ONLY_TRACK,,,,141.78130691357035,"[932, 402, 997, 734]",True,,0,1,"[932, 402, 997, 734]",,,,,,,PERSON_ONLY_TRACK,,
225,10,1,1,,PERSON_ONLY_TRACK,,,,66.08490561825553,"[913, 899, 985, 1225]",True,,0,1,"[913, 899, 985, 1225]",,,,,,,PERSON_ONLY_TRACK,,
225,12,9,9,,PERSON_ONLY_TRACK,,,,0.6488239765167236,"[596, 911, 716, 1588]",True,,0,1,"[596, 911, 716, 1588]",,,,,,,PERSON_ONLY_TRACK,,
226,0,0,0,,PERSON_ONLY_TRACK,,,,141.78130691357035,"[933, 402, 997, 734]",True,,0,1,"[933, 402, 997, 734]",,,,,,,PERSON_ONLY_TRACK,,
226,10,1,1,,PERSON_ONLY_TRACK,,,,66.08490561825553,"[914, 906, 985, 1230]",True,,0,1,"[914, 906, 985, 1230]",,,,,,,PERSON_ONLY_TRACK,,
226,12,9,9,,TRACKER_PREDICTED,,,,0.6488239765167236,"[596, 911, 716, 1588]",True,,0,1,"[596, 911, 716, 1588]",,,,,,,TRACKER_PREDICTED,DETECTORS_MISSED,
227,10,1,1,0.9508580249088032,CONFIRMED,0.9964229731985303,0.8825106024742126,0.9508580249088032,67.03576364316433,"[915, 918, 990, 1246]",False,snapshots/person_1/1_1781655114801.jpg,1,1,"[963, 963, 985, 990]",0.00023989996898263026,94.64309764309765,5,True,True,True,ACCEPTABLE,,
227,0,0,0,,PERSON_ONLY_TRACK,,,,141.78130691357035,"[933, 402, 997, 734]",True,,0,1,"[933, 402, 997, 734]",,,,,,,PERSON_ONLY_TRACK,,
227,12,9,9,,TRACKER_PREDICTED,,,,0.6488239765167236,"[596, 911, 716, 1588]",True,,0,1,"[596, 911, 716, 1588]",,,,,,,TRACKER_PREDICTED,DETECTORS_MISSED,
228,10,1,1,0.9363680979631358,CONFIRMED,0.9959647491610735,0.8469731211662292,0.9363680979631358,67.97213174112747,"[916, 923, 1043, 1262]",False,snapshots/person_1/1_1781655119273.jpg,1,1,"[962, 973, 983, 999]",0.0002205141129032258,99.8974358974359,5,True,True,True,ACCEPTABLE,,
228,0,0,0,,PERSON_ONLY_TRACK,,,,141.78130691357035,"[932, 404, 997, 732]",True,,0,1,"[932, 404, 997, 732]",,,,,,,PERSON_ONLY_TRACK,,
228,12,9,9,,TRACKER_PREDICTED,,,,0.6488239765167236,"[596, 911, 716, 1588]",True,,0,1,"[596, 911, 716, 1588]",,,,,,,TRACKER_PREDICTED,DETECTORS_MISSED,
229,10,1,1,0.9682439670053833,CONFIRMED,0.996967809910197,0.9251582026481628,0.9682439670053833,68.94037570813285,"[915, 928, 1030, 1263]",False,snapshots/person_1/1_1781655123842.jpg,1,1,"[962, 974, 983, 1002]",0.0002374767369727047,106.28231292517007,5,True,True,True,ACCEPTABLE,,
229,0,0,0,,PERSON_ONLY_TRACK,,,,141.78130691357035,"[932, 404, 997, 732]",True,,0,1,"[932, 404, 997, 732]",,,,,,,PERSON_ONLY_TRACK,,
229,12,9,9,,TRACKER_PREDICTED,,,,0.6488239765167236,"[596, 911, 716, 1588]",True,,0,1,"[596, 911, 716, 1588]",,,,,,,TRACKER_PREDICTED,DETECTORS_MISSED,
230,0,0,0,,PERSON_ONLY_TRACK,,,,141.78130691357035,"[931, 405, 997, 732]",True,,0,1,"[931, 405, 997, 732]",,,,,,,PERSON_ONLY_TRACK,,
230,10,1,1,,PERSON_ONLY_TRACK,,,,68.94037570813285,"[911, 934, 1033, 1263]",True,,0,1,"[911, 934, 1033, 1263]",,,,,,,PERSON_ONLY_TRACK,,
230,12,9,9,,TRACKER_PREDICTED,,,,0.6488239765167236,"[596, 911, 716, 1588]",True,,0,1,"[596, 911, 716, 1588]",,,,,,,TRACKER_PREDICTED,DETECTORS_MISSED,
231,0,0,0,,PERSON_ONLY_TRACK,,,,141.78130691357035,"[931, 405, 997, 733]",True,,0,1,"[931, 405, 997, 733]",,,,,,,PERSON_ONLY_TRACK,,
231,10,1,1,,PERSON_ONLY_TRACK,,,,68.94037570813285,"[909, 942, 1048, 1264]",True,,0,1,"[909, 942, 1048, 1264]",,,,,,,PERSON_ONLY_TRACK,,
231,12,9,9,,PERSON_ONLY_TRACK,,,,0.6488239765167236,"[600, 802, 719, 1426]",True,,0,1,"[600, 802, 719, 1426]",,,,,,,PERSON_ONLY_TRACK,,
232,0,0,0,,PERSON_ONLY_TRACK,,,,141.78130691357035,"[931, 406, 997, 732]",True,,0,1,"[931, 406, 997, 732]",,,,,,,PERSON_ONLY_TRACK,,
232,10,1,1,,PERSON_ONLY_TRACK,,,,68.94037570813285,"[909, 945, 1046, 1265]",True,,0,1,"[909, 945, 1046, 1265]",,,,,,,PERSON_ONLY_TRACK,,
232,12,9,9,,PERSON_ONLY_TRACK,,,,0.6488239765167236,"[598, 792, 719, 1398]",True,,0,1,"[598, 792, 719, 1398]",,,,,,,PERSON_ONLY_TRACK,,
233,0,0,0,,PERSON_ONLY_TRACK,,,,141.78130691357035,"[931, 407, 997, 732]",True,,0,1,"[931, 407, 997, 732]",,,,,,,PERSON_ONLY_TRACK,,
233,10,1,1,,PERSON_ONLY_TRACK,,,,68.94037570813285,"[912, 949, 1044, 1276]",True,,0,1,"[912, 949, 1044, 1276]",,,,,,,PERSON_ONLY_TRACK,,
233,12,9,9,,TRACKER_PREDICTED,,,,0.6488239765167236,"[598, 792, 719, 1398]",True,,0,1,"[598, 792, 719, 1398]",,,,,,,TRACKER_PREDICTED,DETECTORS_MISSED,
234,0,0,0,,PERSON_ONLY_TRACK,,,,141.78130691357035,"[931, 408, 998, 732]",True,,0,1,"[931, 408, 998, 732]",,,,,,,PERSON_ONLY_TRACK,,
234,10,1,1,,PERSON_ONLY_TRACK,,,,68.94037570813285,"[912, 952, 998, 1277]",True,,0,1,"[912, 952, 998, 1277]",,,,,,,PERSON_ONLY_TRACK,,
234,12,9,9,,PERSON_ONLY_TRACK,,,,0.6488239765167236,"[591, 745, 713, 1296]",True,,0,1,"[591, 745, 713, 1296]",,,,,,,PERSON_ONLY_TRACK,,
235,0,0,0,,PERSON_ONLY_TRACK,,,,141.78130691357035,"[931, 408, 998, 732]",True,,0,1,"[931, 408, 998, 732]",,,,,,,PERSON_ONLY_TRACK,,
235,10,1,1,,PERSON_ONLY_TRACK,,,,68.94037570813285,"[913, 953, 1000, 1276]",True,,0,1,"[913, 953, 1000, 1276]",,,,,,,PERSON_ONLY_TRACK,,
235,12,9,9,,PERSON_ONLY_TRACK,,,,0.6488239765167236,"[592, 737, 709, 1293]",True,,0,1,"[592, 737, 709, 1293]",,,,,,,PERSON_ONLY_TRACK,,
236,0,0,0,,PERSON_ONLY_TRACK,,,,141.78130691357035,"[932, 410, 998, 733]",True,,0,1,"[932, 410, 998, 733]",,,,,,,PERSON_ONLY_TRACK,,
236,10,1,1,,PERSON_ONLY_TRACK,,,,68.94037570813285,"[911, 959, 997, 1281]",True,,0,1,"[911, 959, 997, 1281]",,,,,,,PERSON_ONLY_TRACK,,
236,12,9,9,,TRACKER_PREDICTED,,,,0.6488239765167236,"[592, 737, 709, 1293]",True,,0,1,"[592, 737, 709, 1293]",,,,,,,TRACKER_PREDICTED,DETECTORS_MISSED,
237,10,1,1,0.933427107928639,CONFIRMED,0.9965596010261863,0.8387283682823181,0.933427107928639,69.87380281606148,"[911, 966, 1035, 1317]",False,snapshots/person_1/1_1781655151487.jpg,1,1,"[957, 968, 989, 1011]",0.0005557278742762614,84.11119186046511,5,True,True,True,ACCEPTABLE,,
237,0,0,0,,PERSON_ONLY_TRACK,,,,141.78130691357035,"[932, 410, 998, 733]",True,,0,1,"[932, 410, 998, 733]",,,,,,,PERSON_ONLY_TRACK,,
237,12,9,9,,TRACKER_PREDICTED,,,,0.6488239765167236,"[592, 737, 709, 1293]",True,,0,1,"[592, 737, 709, 1293]",,,,,,,TRACKER_PREDICTED,DETECTORS_MISSED,
238,0,0,0,,PERSON_ONLY_TRACK,,,,141.78130691357035,"[933, 410, 998, 733]",True,,0,1,"[933, 410, 998, 733]",,,,,,,PERSON_ONLY_TRACK,,
238,10,1,1,,PERSON_ONLY_TRACK,,,,69.87380281606148,"[913, 972, 994, 1331]",True,,0,1,"[913, 972, 994, 1331]",,,,,,,PERSON_ONLY_TRACK,,
238,12,9,9,,TRACKER_PREDICTED,,,,0.6488239765167236,"[592, 737, 709, 1293]",True,,0,1,"[592, 737, 709, 1293]",,,,,,,TRACKER_PREDICTED,DETECTORS_MISSED,
239,0,0,0,,PERSON_ONLY_TRACK,,,,141.78130691357035,"[935, 410, 998, 734]",True,,0,1,"[935, 410, 998, 734]",,,,,,,PERSON_ONLY_TRACK,,
239,10,1,1,,PERSON_ONLY_TRACK,,,,69.87380281606148,"[912, 984, 998, 1339]",True,,0,1,"[912, 984, 998, 1339]",,,,,,,PERSON_ONLY_TRACK,,
239,12,9,9,,PERSON_ONLY_TRACK,,,,0.6488239765167236,"[605, 687, 701, 1197]",True,,0,1,"[605, 687, 701, 1197]",,,,,,,PERSON_ONLY_TRACK,,
240,0,0,0,0.9218308273988746,CONFIRMED,0.9931254890292522,0.8148888349533081,0.9218308273988746,142.70313774096923,"[938, 410, 1001, 735]",False,snapshots/person_0/0_1781655160931.jpg,1,1,"[977, 438, 994, 460]",0.00015104812861869312,109.60427807486631,5,True,True,True,ACCEPTABLE,,
240,10,1,1,,TRACKER_PREDICTED,,,,69.87380281606148,"[912, 984, 998, 1339]",True,,0,1,"[912, 984, 998, 1339]",,,,,,,TRACKER_PREDICTED,DETECTORS_MISSED,
240,12,9,9,,TRACKER_PREDICTED,,,,0.6488239765167236,"[605, 687, 701, 1197]",True,,0,1,"[605, 687, 701, 1197]",,,,,,,TRACKER_PREDICTED,DETECTORS_MISSED,
241,0,0,0,0.9846763132135385,CONFIRMED,0.9994150397049576,0.9625682234764099,0.9846763132135385,143.68781405418275,"[938, 410, 1000, 735]",False,snapshots/person_0/0_1781655164295.jpg,1,1,"[977, 439, 994, 461]",0.00015104812861869312,110.26737967914438,5,True,True,True,ACCEPTABLE,,
241,10,1,1,,PERSON_ONLY_TRACK,,,,69.87380281606148,"[912, 997, 1003, 1342]",True,,0,1,"[912, 997, 1003, 1342]",,,,,,,PERSON_ONLY_TRACK,,
241,12,9,9,,TRACKER_PREDICTED,,,,0.6488239765167236,"[605, 687, 701, 1197]",True,,0,1,"[605, 687, 701, 1197]",,,,,,,TRACKER_PREDICTED,DETECTORS_MISSED,
242,0,0,0,,PERSON_ONLY_TRACK,,,,143.68781405418275,"[937, 412, 1001, 737]",True,,0,1,"[937, 412, 1001, 737]",,,,,,,PERSON_ONLY_TRACK,,
242,10,1,1,,PERSON_ONLY_TRACK,,,,69.87380281606148,"[910, 1000, 1004, 1341]",True,,0,1,"[910, 1000, 1004, 1341]",,,,,,,PERSON_ONLY_TRACK,,
242,12,9,9,,TRACKER_PREDICTED,,,,0.6488239765167236,"[605, 687, 701, 1197]",True,,0,1,"[605, 687, 701, 1197]",,,,,,,TRACKER_PREDICTED,DETECTORS_MISSED,
243,0,0,0,,PERSON_ONLY_TRACK,,,,143.68781405418275,"[936, 414, 1002, 740]",True,,0,1,"[936, 414, 1002, 740]",,,,,,,PERSON_ONLY_TRACK,,
243,10,1,1,,PERSON_ONLY_TRACK,,,,69.87380281606148,"[904, 1004, 1006, 1342]",True,,0,1,"[904, 1004, 1006, 1342]",,,,,,,PERSON_ONLY_TRACK,,
243,12,9,9,,PERSON_ONLY_TRACK,,,,0.6488239765167236,"[611, 647, 707, 1172]",True,,0,1,"[611, 647, 707, 1172]",,,,,,,PERSON_ONLY_TRACK,,
244,0,0,0,,PERSON_ONLY_TRACK,,,,143.68781405418275,"[936, 412, 1003, 742]",True,,0,1,"[936, 412, 1003, 742]",,,,,,,PERSON_ONLY_TRACK,,
244,10,1,1,,PERSON_ONLY_TRACK,,,,69.87380281606148,"[901, 1018, 1003, 1343]",True,,0,1,"[901, 1018, 1003, 1343]",,,,,,,PERSON_ONLY_TRACK,,
244,13,10,10,0.6080911159515381,PERSON_ONLY_NEW_IDENTITY,,0.6080911159515381,0.6080911159515381,0.6080911159515381,"[808, 1569, 914, 1663]",True,,0,1,"[808, 1569, 914, 1663]",,,,,,,PERSON_ONLY,,
244,12,9,9,,TRACKER_PREDICTED,,,,0.6488239765167236,"[611, 647, 707, 1172]",True,,0,1,"[611, 647, 707, 1172]",,,,,,,TRACKER_PREDICTED,DETECTORS_MISSED,
245,0,0,0,,PERSON_ONLY_TRACK,,,,143.68781405418275,"[936, 414, 1004, 744]",True,,0,1,"[936, 414, 1004, 744]",,,,,,,PERSON_ONLY_TRACK,,
245,10,1,1,,PERSON_ONLY_TRACK,,,,69.87380281606148,"[901, 1013, 1004, 1342]",True,,0,1,"[901, 1013, 1004, 1342]",,,,,,,PERSON_ONLY_TRACK,,
245,13,10,10,,PERSON_ONLY_TRACK,,,,0.6080911159515381,"[797, 1545, 906, 1662]",True,,0,1,"[797, 1545, 906, 1662]",,,,,,,PERSON_ONLY_TRACK,,
245,12,9,9,,TRACKER_PREDICTED,,,,0.6488239765167236,"[611, 647, 707, 1172]",True,,0,1,"[611, 647, 707, 1172]",,,,,,,TRACKER_PREDICTED,DETECTORS_MISSED,
246,0,0,0,0.9509673166404031,CONFIRMED,0.9971089840150313,0.8817548155784607,0.9509673166404031,144.63878137082315,"[936, 415, 1007, 744]",False,snapshots/person_0/0_1781655179972.jpg,1,1,"[989, 438, 1007, 462]",0.0001744727047146402,113.52777777777777,5,True,True,True,ACCEPTABLE,,
246,10,1,1,,PERSON_ONLY_TRACK,,,,69.87380281606148,"[902, 1016, 1001, 1348]",True,,0,1,"[902, 1016, 1001, 1348]",,,,,,,PERSON_ONLY_TRACK,,
246,13,10,10,,PERSON_ONLY_TRACK,,,,0.6080911159515381,"[798, 1520, 903, 1663]",True,,0,1,"[798, 1520, 903, 1663]",,,,,,,PERSON_ONLY_TRACK,,
246,12,9,9,,TRACKER_PREDICTED,,,,0.6488239765167236,"[611, 647, 707, 1172]",True,,0,1,"[611, 647, 707, 1172]",,,,,,,TRACKER_PREDICTED,DETECTORS_MISSED,
247,0,0,0,0.9874652953678276,CONFIRMED,0.9975485556214893,0.9723404049873352,0.9874652953678276,145.62624666619098,"[936, 415, 1009, 744]",False,snapshots/person_0/0_1781655183541.jpg,1,1,"[989, 438, 1008, 463]",0.00019183920078577336,112.31157894736842,5,True,True,True,ACCEPTABLE,,
247,10,1,1,,PERSON_ONLY_TRACK,,,,69.87380281606148,"[903, 1016, 1001, 1357]",True,,0,1,"[903, 1016, 1001, 1357]",,,,,,,PERSON_ONLY_TRACK,,
247,13,10,10,,PERSON_ONLY_TRACK,,,,0.6080911159515381,"[796, 1506, 900, 1662]",True,,0,1,"[796, 1506, 900, 1662]",,,,,,,PERSON_ONLY_TRACK,,
247,12,9,9,,TRACKER_PREDICTED,,,,0.6488239765167236,"[611, 647, 707, 1172]",True,,0,1,"[611, 647, 707, 1172]",,,,,,,TRACKER_PREDICTED,DETECTORS_MISSED,
248,0,0,0,,PERSON_ONLY_TRACK,,,,145.62624666619098,"[935, 417, 1011, 745]",True,,0,1,"[935, 417, 1011, 745]",,,,,,,PERSON_ONLY_TRACK,,
248,10,1,1,,PERSON_ONLY_TRACK,,,,69.87380281606148,"[898, 1015, 999, 1358]",True,,0,1,"[898, 1015, 999, 1358]",,,,,,,PERSON_ONLY_TRACK,,
248,12,9,9,,PERSON_ONLY_TRACK,,,,0.6488239765167236,"[608, 599, 693, 1074]",True,,0,1,"[608, 599, 693, 1074]",,,,,,,PERSON_ONLY_TRACK,,
248,13,10,10,,PERSON_ONLY_TRACK,,,,0.6080911159515381,"[797, 1484, 911, 1663]",True,,0,1,"[797, 1484, 911, 1663]",,,,,,,PERSON_ONLY_TRACK,,
249,10,1,1,0.9963559037201385,CONFIRMED,0.9963559037201384,0.0,0.9963559037201385,70.87015871978163,"[896, 1013, 996, 1358]",False,snapshots/person_1/1_1781655190379.jpg,1,1,"[953, 1067, 976, 1097]",0.0002786716811414392,91.2304347826087,5,True,True,True,ACCEPTABLE,,
249,14,3,3,0.9951862255341913,INITIAL_RECOGNITION,0.9951862255341913,0.0,0.9951862255341913,0.9951862255341913,"[896, 1013, 996, 1358]",True,snapshots/person_3/3_1781655190744.jpg,1,1,"[952, 1021, 973, 1049]",0.0002374767369727047,95.10544217687075,5,True,True,True,ACCEPTABLE,,"12,13,14"
249,15,0,0,0.8288179257135309,INITIAL_RECOGNITION,0.9908056819804371,0.5858362913131714,0.8288179257135309,0.8288179257135309,"[773, 121, 810, 265]",True,snapshots/person_0/0_1781655191190.jpg,1,1,"[782, 128, 801, 153]",0.00019183920078577336,153.36631578947367,5,True,True,True,ACCEPTABLE,,"15,16,17"
249,0,0,0,,PERSON_ONLY_TRACK,,,,145.62624666619098,"[935, 415, 1017, 744]",True,,0,1,"[935, 415, 1017, 744]",,,,,,,PERSON_ONLY_TRACK,,
249,12,9,9,,PERSON_ONLY_TRACK,,,,0.6488239765167236,"[612, 594, 694, 1071]",True,,0,1,"[612, 594, 694, 1071]",,,,,,,PERSON_ONLY_TRACK,,
249,13,10,10,,PERSON_ONLY_TRACK,,,,0.6080911159515381,"[798, 1463, 911, 1663]",True,,0,1,"[798, 1463, 911, 1663]",,,,,,,PERSON_ONLY_TRACK,,
250,0,0,0,0.9720252675915741,CONFIRMED,0.9976242653371533,0.9336267709732056,0.9720252675915741,146.59827193378254,"[936, 415, 1018, 744]",False,snapshots/person_0/0_1781655197893.jpg,1,1,"[997, 439, 1015, 463]",0.0001744727047146402,112.2175925925926,5,True,True,True,ACCEPTABLE,,
250,10,1,1,0.9313248185589045,CONFIRMED,0.9969601677977591,0.8328717947006226,0.9313248185589045,71.80148353834053,"[897, 1015, 997, 1358]",False,snapshots/person_1/1_1781655198238.jpg,1,1,"[951, 1069, 973, 1098]",0.0002576703370554177,92.66457680250784,5,True,True,True,ACCEPTABLE,,
250,12,9,9,,PERSON_ONLY_TRACK,,,,0.6488239765167236,"[611, 592, 696, 1069]",True,,0,1,"[611, 592, 696, 1069]",,,,,,,PERSON_ONLY_TRACK,,
250,13,10,10,,PERSON_ONLY_TRACK,,,,0.6080911159515381,"[798, 1454, 912, 1662]",True,,0,1,"[798, 1454, 912, 1662]",,,,,,,PERSON_ONLY_TRACK,,
250,14,3,3,,TRACKER_PREDICTED,,,,0.9951862255341913,"[896, 1013, 996, 1358]",True,,0,1,"[952, 1021, 973, 1049]",,,,,,,TRACKER_PREDICTED,DETECTORS_MISSED,
250,15,0,0,,TRACKER_PREDICTED,,,,0.8288179257135309,"[773, 121, 810, 265]",True,,0,1,"[782, 128, 801, 153]",,,,,,,TRACKER_PREDICTED,DETECTORS_MISSED,
251,0,0,0,0.9796212439861047,CONFIRMED,0.9986182062371154,0.9511258006095886,0.9796212439861047,147.57789317776866,"[936, 413, 1018, 744]",False,snapshots/person_0/0_1781655201625.jpg,1,1,"[1000, 438, 1018, 462]",0.0001744727047146402,115.56712962962963,5,True,True,True,ACCEPTABLE,,
251,15,0,0,0.9991552976327949,CONFIRMED,0.9999749110072541,0.997925877571106,0.9991552976327949,1.8279732233463257,"[773, 121, 810, 265]",False,snapshots/person_0/0_1781655201969.jpg,1,1,"[782, 128, 801, 153]",0.00019183920078577336,153.6863157894737,5,True,True,True,ACCEPTABLE,,
251,10,1,1,,PERSON_ONLY_TRACK,,,,71.80148353834053,"[900, 1017, 992, 1366]",True,,0,1,"[900, 1017, 992, 1366]",,,,,,,PERSON_ONLY_TRACK,,
251,13,10,10,,PERSON_ONLY_TRACK,,,,0.6080911159515381,"[800, 1430, 917, 1663]",True,,0,1,"[800, 1430, 917, 1663]",,,,,,,PERSON_ONLY_TRACK,,
251,12,9,9,,TRACKER_PREDICTED,,,,0.6488239765167236,"[611, 592, 696, 1069]",True,,0,1,"[611, 592, 696, 1069]",,,,,,,TRACKER_PREDICTED,DETECTORS_MISSED,
251,14,3,3,,TRACKER_PREDICTED,,,,0.9951862255341913,"[896, 1013, 996, 1358]",True,,0,1,"[952, 1021, 973, 1049]",,,,,,,TRACKER_PREDICTED,DETECTORS_MISSED,
252,0,0,0,0.9573027401326353,CONFIRMED,0.9971034177737524,0.8976017236709595,0.9573027401326353,148.5351959179013,"[937, 414, 1025, 745]",False,snapshots/person_0/0_1781655206136.jpg,1,1,"[1001, 438, 1020, 465]",0.00020718633684863524,113.69980506822613,5,True,True,True,ACCEPTABLE,,
252,10,1,1,,PERSON_ONLY_TRACK,,,,71.80148353834053,"[902, 1021, 988, 1392]",True,,0,1,"[902, 1021, 988, 1392]",,,,,,,PERSON_ONLY_TRACK,,
252,12,9,9,,PERSON_ONLY_TRACK,,,,0.6488239765167236,"[621, 563, 701, 993]",True,,0,1,"[621, 563, 701, 993]",,,,,,,PERSON_ONLY_TRACK,,
252,13,10,10,,PERSON_ONLY_TRACK,,,,0.6080911159515381,"[796, 1402, 926, 1663]",True,,0,1,"[796, 1402, 926, 1663]",,,,,,,PERSON_ONLY_TRACK,,
252,14,3,3,,TRACKER_PREDICTED,,,,0.9951862255341913,"[896, 1013, 996, 1358]",True,,0,1,"[952, 1021, 973, 1049]",,,,,,,TRACKER_PREDICTED,DETECTORS_MISSED,
252,15,0,0,,TRACKER_PREDICTED,,,,1.8279732233463257,"[773, 121, 810, 265]",True,,0,1,"[782, 128, 801, 153]",,,,,,,TRACKER_PREDICTED,DETECTORS_MISSED,
253,0,0,0,0.9893524312327988,CONFIRMED,0.9985224643268001,0.9755973815917969,0.9893524312327988,149.52454834913408,"[940, 414, 1025, 745]",False,snapshots/person_0/0_1781655211851.jpg,1,1,"[1001, 438, 1020, 463]",0.00019183920078577336,109.02105263157895,5,True,True,True,ACCEPTABLE,,
253,10,1,1,,PERSON_ONLY_TRACK,,,,71.80148353834053,"[902, 1024, 989, 1399]",True,,0,1,"[902, 1024, 989, 1399]",,,,,,,PERSON_ONLY_TRACK,,
253,12,9,9,,PERSON_ONLY_TRACK,,,,0.6488239765167236,"[622, 558, 703, 992]",True,,0,1,"[622, 558, 703, 992]",,,,,,,PERSON_ONLY_TRACK,,
253,13,10,10,,PERSON_ONLY_TRACK,,,,0.6080911159515381,"[796, 1391, 929, 1663]",True,,0,1,"[796, 1391, 929, 1663]",,,,,,,PERSON_ONLY_TRACK,,
253,14,3,3,,TRACKER_PREDICTED,,,,0.9951862255341913,"[896, 1013, 996, 1358]",True,,0,1,"[952, 1021, 973, 1049]",,,,,,,TRACKER_PREDICTED,DETECTORS_MISSED,
253,15,0,0,,TRACKER_PREDICTED,,,,1.8279732233463257,"[773, 121, 810, 265]",True,,0,1,"[782, 128, 801, 153]",,,,,,,TRACKER_PREDICTED,DETECTORS_MISSED,
254,0,0,0,,PERSON_ONLY_TRACK,,,,149.52454834913408,"[944, 415, 1025, 744]",True,,0,1,"[944, 415, 1025, 744]",,,,,,,PERSON_ONLY_TRACK,,
254,10,1,1,,PERSON_ONLY_TRACK,,,,71.80148353834053,"[903, 1031, 991, 1412]",True,,0,1,"[903, 1031, 991, 1412]",,,,,,,PERSON_ONLY_TRACK,,
254,12,9,9,,PERSON_ONLY_TRACK,,,,0.6488239765167236,"[625, 552, 706, 989]",True,,0,1,"[625, 552, 706, 989]",,,,,,,PERSON_ONLY_TRACK,,
254,13,10,10,,PERSON_ONLY_TRACK,,,,0.6080911159515381,"[793, 1369, 933, 1663]",True,,0,1,"[793, 1369, 933, 1663]",,,,,,,PERSON_ONLY_TRACK,,
254,14,3,3,,TRACKER_PREDICTED,,,,0.9951862255341913,"[896, 1013, 996, 1358]",True,,0,1,"[952, 1021, 973, 1049]",,,,,,,TRACKER_PREDICTED,DETECTORS_MISSED,
254,15,0,0,,TRACKER_PREDICTED,,,,1.8279732233463257,"[773, 121, 810, 265]",True,,0,1,"[782, 128, 801, 153]",,,,,,,TRACKER_PREDICTED,DETECTORS_MISSED,
255,0,0,0,0.9443209441559477,CONFIRMED,0.9972763909328253,0.8648877739906311,0.9443209441559477,150.46886929329003,"[950, 415, 1026, 747]",False,snapshots/person_0/0_1781655222024.jpg,1,1,"[1003, 439, 1021, 463]",0.0001744727047146402,107.71527777777777,5,True,True,True,ACCEPTABLE,,
255,10,1,1,,PERSON_ONLY_TRACK,,,,71.80148353834053,"[905, 1041, 994, 1415]",True,,0,1,"[905, 1041, 994, 1415]",,,,,,,PERSON_ONLY_TRACK,,
255,12,9,9,,PERSON_ONLY_TRACK,,,,0.6488239765167236,"[628, 547, 710, 988]",True,,0,1,"[628, 547, 710, 988]",,,,,,,PERSON_ONLY_TRACK,,
255,13,10,10,,PERSON_ONLY_TRACK,,,,0.6080911159515381,"[794, 1348, 931, 1660]",True,,0,1,"[794, 1348, 931, 1660]",,,,,,,PERSON_ONLY_TRACK,,
255,14,3,3,,TRACKER_PREDICTED,,,,0.9951862255341913,"[896, 1013, 996, 1358]",True,,0,1,"[952, 1021, 973, 1049]",,,,,,,TRACKER_PREDICTED,DETECTORS_MISSED,
255,15,0,0,,TRACKER_PREDICTED,,,,1.8279732233463257,"[773, 121, 810, 265]",True,,0,1,"[782, 128, 801, 153]",,,,,,,TRACKER_PREDICTED,DETECTORS_MISSED,
256,13,10,10,0.8364147261234229,TRACKER_CONTINUITY_OVERRIDE,0.9909013634675253,0.6046847701072693,0.8364147261234229,1.444505842074961,"[797, 1338, 927, 1657]",True,snapshots/person_10/10_1781655226366.jpg,1,1,"[854, 1370, 890, 1426]",0.0008142059553349876,56.18650793650794,5,True,True,True,ACCEPTABLE,,
256,0,0,0,,PERSON_ONLY_TRACK,,,,150.46886929329003,"[951, 415, 1026, 749]",True,,0,1,"[951, 415, 1026, 749]",,,,,,,PERSON_ONLY_TRACK,,
256,10,1,1,,PERSON_ONLY_TRACK,,,,71.80148353834053,"[905, 1046, 995, 1422]",True,,0,1,"[905, 1046, 995, 1422]",,,,,,,PERSON_ONLY_TRACK,,
256,12,9,9,,PERSON_ONLY_TRACK,,,,0.6488239765167236,"[629, 542, 705, 989]",True,,0,1,"[629, 542, 705, 989]",,,,,,,PERSON_ONLY_TRACK,,
256,14,3,3,,TRACKER_PREDICTED,,,,0.9951862255341913,"[896, 1013, 996, 1358]",True,,0,1,"[952, 1021, 973, 1049]",,,,,,,TRACKER_PREDICTED,DETECTORS_MISSED,
256,15,0,0,,TRACKER_PREDICTED,,,,1.8279732233463257,"[773, 121, 810, 265]",True,,0,1,"[782, 128, 801, 153]",,,,,,,TRACKER_PREDICTED,DETECTORS_MISSED,
257,0,0,0,,PERSON_ONLY_TRACK,,,,150.46886929329003,"[952, 415, 1026, 749]",True,,0,1,"[952, 415, 1026, 749]",,,,,,,PERSON_ONLY_TRACK,,
257,10,1,1,,PERSON_ONLY_TRACK,,,,71.80148353834053,"[904, 1051, 1001, 1427]",True,,0,1,"[904, 1051, 1001, 1427]",,,,,,,PERSON_ONLY_TRACK,,
257,12,9,9,,PERSON_ONLY_TRACK,,,,0.6488239765167236,"[629, 535, 708, 957]",True,,0,1,"[629, 535, 708, 957]",,,,,,,PERSON_ONLY_TRACK,,
257,13,10,10,,PERSON_ONLY_TRACK,,,,1.444505842074961,"[792, 1314, 918, 1661]",True,,0,1,"[792, 1314, 918, 1661]",,,,,,,PERSON_ONLY_TRACK,,
257,14,3,3,,TRACKER_PREDICTED,,,,0.9951862255341913,"[896, 1013, 996, 1358]",True,,0,1,"[952, 1021, 973, 1049]",,,,,,,TRACKER_PREDICTED,DETECTORS_MISSED,
257,15,0,0,,TRACKER_PREDICTED,,,,1.8279732233463257,"[773, 121, 810, 265]",True,,0,1,"[782, 128, 801, 153]",,,,,,,TRACKER_PREDICTED,DETECTORS_MISSED,
258,0,0,0,0.9655026098317241,CONFIRMED,0.998245103529151,0.9163888692855835,0.9655026098317241,151.43437190312176,"[952, 415, 1026, 749]",False,snapshots/person_0/0_1781655232855.jpg,1,1,"[1002, 439, 1020, 463]",0.0001744727047146402,105.36805555555556,5,True,True,True,ACCEPTABLE,,
258,10,1,1,,PERSON_ONLY_TRACK,,,,71.80148353834053,"[911, 1057, 1006, 1428]",True,,0,1,"[911, 1057, 1006, 1428]",,,,,,,PERSON_ONLY_TRACK,,
258,12,9,9,,PERSON_ONLY_TRACK,,,,0.6488239765167236,"[625, 523, 703, 921]",True,,0,1,"[625, 523, 703, 921]",,,,,,,PERSON_ONLY_TRACK,,
258,13,10,10,,PERSON_ONLY_TRACK,,,,1.444505842074961,"[789, 1287, 914, 1647]",True,,0,1,"[789, 1287, 914, 1647]",,,,,,,PERSON_ONLY_TRACK,,
258,14,3,3,,TRACKER_PREDICTED,,,,0.9951862255341913,"[896, 1013, 996, 1358]",True,,0,1,"[952, 1021, 973, 1049]",,,,,,,TRACKER_PREDICTED,DETECTORS_MISSED,
258,15,0,0,,TRACKER_PREDICTED,,,,1.8279732233463257,"[773, 121, 810, 265]",True,,0,1,"[782, 128, 801, 153]",,,,,,,TRACKER_PREDICTED,DETECTORS_MISSED,
259,0,0,0,,PERSON_ONLY_TRACK,,,,151.43437190312176,"[952, 415, 1026, 749]",True,,0,1,"[952, 415, 1026, 749]",,,,,,,PERSON_ONLY_TRACK,,
259,10,1,1,,PERSON_ONLY_TRACK,,,,71.80148353834053,"[911, 1059, 1006, 1428]",True,,0,1,"[911, 1059, 1006, 1428]",,,,,,,PERSON_ONLY_TRACK,,
259,12,9,9,,PERSON_ONLY_TRACK,,,,0.6488239765167236,"[623, 516, 699, 917]",True,,0,1,"[623, 516, 699, 917]",,,,,,,PERSON_ONLY_TRACK,,
259,13,10,10,,PERSON_ONLY_TRACK,,,,1.444505842074961,"[787, 1276, 910, 1611]",True,,0,1,"[787, 1276, 910, 1611]",,,,,,,PERSON_ONLY_TRACK,,
259,14,3,3,,TRACKER_PREDICTED,,,,0.9951862255341913,"[896, 1013, 996, 1358]",True,,0,1,"[952, 1021, 973, 1049]",,,,,,,TRACKER_PREDICTED,DETECTORS_MISSED,
259,15,0,0,,TRACKER_PREDICTED,,,,1.8279732233463257,"[773, 121, 810, 265]",True,,0,1,"[782, 128, 801, 153]",,,,,,,TRACKER_PREDICTED,DETECTORS_MISSED,
260,0,0,0,,PERSON_ONLY_TRACK,,,,151.43437190312176,"[952, 414, 1025, 749]",True,,0,1,"[952, 414, 1025, 749]",,,,,,,PERSON_ONLY_TRACK,,
260,10,1,1,,PERSON_ONLY_TRACK,,,,71.80148353834053,"[919, 1063, 1007, 1429]",True,,0,1,"[919, 1063, 1007, 1429]",,,,,,,PERSON_ONLY_TRACK,,
260,12,9,9,,PERSON_ONLY_TRACK,,,,0.6488239765167236,"[623, 502, 698, 922]",True,,0,1,"[623, 502, 698, 922]",,,,,,,PERSON_ONLY_TRACK,,
260,13,10,10,,PERSON_ONLY_TRACK,,,,1.444505842074961,"[782, 1252, 903, 1633]",True,,0,1,"[782, 1252, 903, 1633]",,,,,,,PERSON_ONLY_TRACK,,
260,15,0,0,,TRACKER_PREDICTED,,,,1.8279732233463257,"[773, 121, 810, 265]",True,,0,1,"[782, 128, 801, 153]",,,,,,,TRACKER_PREDICTED,DETECTORS_MISSED,
261,0,0,0,,PERSON_ONLY_TRACK,,,,151.43437190312176,"[952, 414, 1025, 749]",True,,0,1,"[952, 414, 1025, 749]",,,,,,,PERSON_ONLY_TRACK,,
261,10,1,1,,PERSON_ONLY_TRACK,,,,71.80148353834053,"[929, 1064, 1008, 1429]",True,,0,1,"[929, 1064, 1008, 1429]",,,,,,,PERSON_ONLY_TRACK,,
261,12,9,9,,PERSON_ONLY_TRACK,,,,0.6488239765167236,"[624, 496, 701, 912]",True,,0,1,"[624, 496, 701, 912]",,,,,,,PERSON_ONLY_TRACK,,
261,13,10,10,,PERSON_ONLY_TRACK,,,,1.444505842074961,"[782, 1233, 899, 1607]",True,,0,1,"[782, 1233, 899, 1607]",,,,,,,PERSON_ONLY_TRACK,,
261,15,0,0,,TRACKER_PREDICTED,,,,1.8279732233463257,"[773, 121, 810, 265]",True,,0,1,"[782, 128, 801, 153]",,,,,,,TRACKER_PREDICTED,DETECTORS_MISSED,
262,0,0,0,0.9865766354149771,CONFIRMED,0.9982070240289291,0.9691310524940491,0.9865766354149771,152.42094853853675,"[952, 414, 1025, 749]",False,snapshots/person_0/0_1781655248050.jpg,1,1,"[1002, 440, 1020, 465]",0.00018174240074441688,111.76444444444445,5,True,True,True,ACCEPTABLE,,
262,10,1,1,,PERSON_ONLY_TRACK,,,,71.80148353834053,"[928, 1063, 1008, 1428]",True,,0,1,"[928, 1063, 1008, 1428]",,,,,,,PERSON_ONLY_TRACK,,
262,12,9,9,,PERSON_ONLY_TRACK,,,,0.6488239765167236,"[628, 497, 701, 902]",True,,0,1,"[628, 497, 701, 902]",,,,,,,PERSON_ONLY_TRACK,,
262,13,10,10,,PERSON_ONLY_TRACK,,,,1.444505842074961,"[782, 1225, 898, 1589]",True,,0,1,"[782, 1225, 898, 1589]",,,,,,,PERSON_ONLY_TRACK,,
263,0,0,0,0.9949179073534999,CONFIRMED,0.9986844692565657,0.9892680644989014,0.9949179073534999,153.41586644589026,"[952, 414, 1025, 749]",False,snapshots/person_0/0_1781655251989.jpg,1,1,"[1001, 439, 1021, 465]",0.00021001344086021506,113.59615384615384,5,True,True,True,ACCEPTABLE,,
263,10,1,1,,PERSON_ONLY_TRACK,,,,71.80148353834053,"[927, 1063, 1008, 1428]",True,,0,1,"[927, 1063, 1008, 1428]",,,,,,,PERSON_ONLY_TRACK,,
263,12,9,9,,PERSON_ONLY_TRACK,,,,0.6488239765167236,"[633, 491, 701, 881]",True,,0,1,"[633, 491, 701, 881]",,,,,,,PERSON_ONLY_TRACK,,
263,13,10,10,,PERSON_ONLY_TRACK,,,,1.444505842074961,"[781, 1207, 899, 1572]",True,,0,1,"[781, 1207, 899, 1572]",,,,,,,PERSON_ONLY_TRACK,,
264,0,0,0,0.9602127424814146,CONFIRMED,0.9968548006378681,0.9052496552467346,0.9602127424814146,154.37607918837168,"[953, 413, 1025, 749]",False,snapshots/person_0/0_1781655255602.jpg,1,1,"[1001, 439, 1020, 465]",0.00019951276881720431,111.87854251012146,5,True,True,True,ACCEPTABLE,,
264,10,1,1,,PERSON_ONLY_TRACK,,,,71.80148353834053,"[928, 1062, 1007, 1430]",True,,0,1,"[928, 1062, 1007, 1430]",,,,,,,PERSON_ONLY_TRACK,,
264,12,9,9,,PERSON_ONLY_TRACK,,,,0.6488239765167236,"[632, 478, 705, 865]",True,,0,1,"[632, 478, 705, 865]",,,,,,,PERSON_ONLY_TRACK,,
264,13,10,10,,PERSON_ONLY_TRACK,,,,1.444505842074961,"[782, 1189, 901, 1551]",True,,0,1,"[782, 1189, 901, 1551]",,,,,,,PERSON_ONLY_TRACK,,
265,0,0,0,0.9995361823643922,CONFIRMED,0.9998195599856772,0.9991111159324646,0.9995361823643922,155.37561537073606,"[953, 413, 1025, 749]",False,snapshots/person_0/0_1781655260160.jpg,1,1,"[1001, 439, 1020, 465]",0.00019951276881720431,111.74089068825911,5,True,True,True,ACCEPTABLE,,
265,12,9,9,,PERSON_ONLY_TRACK,,,,0.6488239765167236,"[631, 472, 707, 862]",True,,0,1,"[631, 472, 707, 862]",,,,,,,PERSON_ONLY_TRACK,,
265,13,10,10,,PERSON_ONLY_TRACK,,,,1.444505842074961,"[782, 1179, 901, 1538]",True,,0,1,"[782, 1179, 901, 1538]",,,,,,,PERSON_ONLY_TRACK,,
265,10,1,1,,TRACKER_PREDICTED,,,,71.80148353834053,"[928, 1062, 1007, 1430]",True,,0,1,"[928, 1062, 1007, 1430]",,,,,,,TRACKER_PREDICTED,DETECTORS_MISSED,
266,0,0,0,0.9967366834725481,CONFIRMED,0.9990710252267688,0.993235170841217,0.9967366834725481,156.3723520542086,"[953, 413, 1025, 749]",False,snapshots/person_0/0_1781655263716.jpg,1,1,"[1001, 439, 1019, 465]",0.00018901209677419354,110.1025641025641,5,True,True,True,ACCEPTABLE,,
266,10,1,1,,PERSON_ONLY_TRACK,,,,71.80148353834053,"[921, 1057, 1008, 1420]",True,,0,1,"[921, 1057, 1008, 1420]",,,,,,,PERSON_ONLY_TRACK,,
266,12,9,9,,PERSON_ONLY_TRACK,,,,0.6488239765167236,"[615, 467, 702, 860]",True,,0,1,"[615, 467, 702, 860]",,,,,,,PERSON_ONLY_TRACK,,
266,13,10,10,,PERSON_ONLY_TRACK,,,,1.444505842074961,"[778, 1159, 900, 1506]",True,,0,1,"[778, 1159, 900, 1506]",,,,,,,PERSON_ONLY_TRACK,,
267,0,0,0,0.9961606192174016,CONFIRMED,0.9983603039685983,0.9928610920906067,0.9961606192174016,157.36851267342598,"[953, 413, 1025, 749]",False,snapshots/person_0/0_1781655267618.jpg,1,1,"[1001, 440, 1020, 466]",0.00019951276881720431,115.60728744939271,5,True,True,True,ACCEPTABLE,,
267,10,1,1,,PERSON_ONLY_TRACK,,,,71.80148353834053,"[911, 1053, 1006, 1401]",True,,0,1,"[911, 1053, 1006, 1401]",,,,,,,PERSON_ONLY_TRACK,,
267,12,9,9,,PERSON_ONLY_TRACK,,,,0.6488239765167236,"[610, 464, 702, 858]",True,,0,1,"[610, 464, 702, 858]",,,,,,,PERSON_ONLY_TRACK,,
267,13,10,10,,PERSON_ONLY_TRACK,,,,1.444505842074961,"[780, 1141, 898, 1459]",True,,0,1,"[780, 1141, 898, 1459]",,,,,,,PERSON_ONLY_TRACK,,
268,0,0,0,0.9950091426950056,CONFIRMED,0.9991182197102836,0.9888455271720886,0.9950091426950056,158.363521816121,"[953, 413, 1025, 749]",False,snapshots/person_0/0_1781655271591.jpg,1,1,"[1001, 440, 1020, 465]",0.00019183920078577336,115.79578947368421,5,True,True,True,ACCEPTABLE,,
268,10,1,1,,PERSON_ONLY_TRACK,,,,71.80148353834053,"[907, 1050, 1003, 1399]",True,,0,1,"[907, 1050, 1003, 1399]",,,,,,,PERSON_ONLY_TRACK,,
268,13,10,10,,PERSON_ONLY_TRACK,,,,1.444505842074961,"[780, 1132, 896, 1406]",True,,0,1,"[780, 1132, 896, 1406]",,,,,,,PERSON_ONLY_TRACK,,
268,12,9,9,,TRACKER_PREDICTED,,,,0.6488239765167236,"[610, 464, 702, 858]",True,,0,1,"[610, 464, 702, 858]",,,,,,,TRACKER_PREDICTED,DETECTORS_MISSED,
269,0,0,0,0.9989181118984668,CONFIRMED,0.9991316924127686,0.9985977411270142,0.9989181118984668,159.36243992801946,"[953, 413, 1025, 749]",False,snapshots/person_0/0_1781655275778.jpg,1,1,"[1001, 440, 1019, 465]",0.00018174240074441688,112.50444444444445,5,True,True,True,ACCEPTABLE,,
269,10,1,1,0.9244798923382123,CONFIRMED,0.9948137642358673,0.8189790844917297,0.9244798923382123,72.72596343067875,"[895, 1045, 1002, 1400]",False,snapshots/person_1/1_1781655276222.jpg,1,1,"[957, 1086, 988, 1133]",0.0005884415064102564,89.50171585449554,5,True,True,True,ACCEPTABLE,,
269,13,10,10,,PERSON_ONLY_TRACK,,,,1.444505842074961,"[779, 1117, 894, 1419]",True,,0,1,"[779, 1117, 894, 1419]",,,,,,,PERSON_ONLY_TRACK,,
269,12,9,9,,TRACKER_PREDICTED,,,,0.6488239765167236,"[610, 464, 702, 858]",True,,0,1,"[610, 464, 702, 858]",,,,,,,TRACKER_PREDICTED,DETECTORS_MISSED,
270,0,0,0,0.9960727783670579,CONFIRMED,0.9993059788529333,0.9912229776382446,0.9960727783670579,160.3585127063865,"[953, 414, 1025, 749]",False,snapshots/person_0/0_1781655281098.jpg,1,1,"[1001, 440, 1020, 466]",0.00019951276881720431,115.96558704453442,5,True,True,True,ACCEPTABLE,,
270,10,1,1,,PERSON_ONLY_TRACK,,,,72.72596343067875,"[887, 1039, 998, 1399]",True,,0,1,"[887, 1039, 998, 1399]",,,,,,,PERSON_ONLY_TRACK,,
270,13,10,10,,PERSON_ONLY_TRACK,,,,1.444505842074961,"[778, 1103, 888, 1430]",True,,0,1,"[778, 1103, 888, 1430]",,,,,,,PERSON_ONLY_TRACK,,
270,12,9,9,,TRACKER_PREDICTED,,,,0.6488239765167236,"[610, 464, 702, 858]",True,,0,1,"[610, 464, 702, 858]",,,,,,,TRACKER_PREDICTED,DETECTORS_MISSED,
271,0,0,0,0.9994464587229495,CONFIRMED,0.9999999918967494,0.9986161589622498,0.9994464587229495,161.35795916510946,"[953, 414, 1025, 749]",False,snapshots/person_0/0_1781655284497.jpg,1,1,"[1001, 440, 1020, 466]",0.00019951276881720431,115.96558704453442,5,True,True,True,ACCEPTABLE,,
271,10,1,1,,PERSON_ONLY_TRACK,,,,72.72596343067875,"[885, 1037, 997, 1398]",True,,0,1,"[885, 1037, 997, 1398]",,,,,,,PERSON_ONLY_TRACK,,
271,13,10,10,,PERSON_ONLY_TRACK,,,,1.444505842074961,"[776, 1095, 886, 1409]",True,,0,1,"[776, 1095, 886, 1409]",,,,,,,PERSON_ONLY_TRACK,,
271,12,9,9,,TRACKER_PREDICTED,,,,0.6488239765167236,"[610, 464, 702, 858]",True,,0,1,"[610, 464, 702, 858]",,,,,,,TRACKER_PREDICTED,DETECTORS_MISSED,
272,0,0,0,0.9967997917230835,CONFIRMED,0.9996419166021729,0.9925366044044495,0.9967997917230835,162.35475895683254,"[953, 414, 1025, 749]",False,snapshots/person_0/0_1781655288706.jpg,1,1,"[1001, 440, 1020, 466]",0.00019951276881720431,115.32995951417004,5,True,True,True,ACCEPTABLE,,
272,10,1,1,,PERSON_ONLY_TRACK,,,,72.72596343067875,"[881, 1029, 986, 1392]",True,,0,1,"[881, 1029, 986, 1392]",,,,,,,PERSON_ONLY_TRACK,,
272,13,10,10,,PERSON_ONLY_TRACK,,,,1.444505842074961,"[775, 1079, 884, 1408]",True,,0,1,"[775, 1079, 884, 1408]",,,,,,,PERSON_ONLY_TRACK,,
272,12,9,9,,TRACKER_PREDICTED,,,,0.6488239765167236,"[610, 464, 702, 858]",True,,0,1,"[610, 464, 702, 858]",,,,,,,TRACKER_PREDICTED,DETECTORS_MISSED,
273,0,0,0,0.9971315528031185,CONFIRMED,0.9998752118938491,0.9930160641670227,0.9971315528031185,163.35189050963567,"[953, 414, 1025, 749]",False,snapshots/person_0/0_1781655292434.jpg,1,1,"[1001, 440, 1020, 466]",0.00019951276881720431,115.40688259109312,5,True,True,True,ACCEPTABLE,,
273,10,1,1,,PERSON_ONLY_TRACK,,,,72.72596343067875,"[867, 1015, 989, 1380]",True,,0,1,"[867, 1015, 989, 1380]",,,,,,,PERSON_ONLY_TRACK,,
273,13,10,10,,PERSON_ONLY_TRACK,,,,1.444505842074961,"[771, 1060, 879, 1385]",True,,0,1,"[771, 1060, 879, 1385]",,,,,,,PERSON_ONLY_TRACK,,
273,12,9,9,,TRACKER_PREDICTED,,,,0.6488239765167236,"[610, 464, 702, 858]",True,,0,1,"[610, 464, 702, 858]",,,,,,,TRACKER_PREDICTED,DETECTORS_MISSED,
274,0,0,0,0.9974329382688925,CONFIRMED,0.9990537813158704,0.9950016736984253,0.9974329382688925,164.34932344790457,"[953, 414, 1025, 749]",False,snapshots/person_0/0_1781655296185.jpg,1,1,"[1001, 440, 1019, 466]",0.00018901209677419354,112.07051282051282,5,True,True,True,ACCEPTABLE,,
274,10,1,1,,PERSON_ONLY_TRACK,,,,72.72596343067875,"[864, 1007, 969, 1364]",True,,0,1,"[864, 1007, 969, 1364]",,,,,,,PERSON_ONLY_TRACK,,
274,13,10,10,,PERSON_ONLY_TRACK,,,,1.444505842074961,"[775, 1054, 879, 1318]",True,,0,1,"[775, 1054, 879, 1318]",,,,,,,PERSON_ONLY_TRACK,,
274,12,9,9,,TRACKER_PREDICTED,,,,0.6488239765167236,"[610, 464, 702, 858]",True,,0,1,"[610, 464, 702, 858]",,,,,,,TRACKER_PREDICTED,DETECTORS_MISSED,
275,0,0,0,0.9998955822251562,CONFIRMED,0.9999999762015745,0.9997389912605286,0.9998955822251562,165.34921903012972,"[953, 414, 1025, 749]",False,snapshots/person_0/0_1781655299820.jpg,1,1,"[1001, 440, 1019, 466]",0.00018901209677419354,112.07051282051282,5,True,True,True,ACCEPTABLE,,
275,10,1,1,,PERSON_ONLY_TRACK,,,,72.72596343067875,"[873, 994, 963, 1346]",True,,0,1,"[873, 994, 963, 1346]",,,,,,,PERSON_ONLY_TRACK,,
275,13,10,10,,PERSON_ONLY_TRACK,,,,1.444505842074961,"[772, 1039, 874, 1325]",True,,0,1,"[772, 1039, 874, 1325]",,,,,,,PERSON_ONLY_TRACK,,
275,12,9,9,,TRACKER_PREDICTED,,,,0.6488239765167236,"[610, 464, 702, 858]",True,,0,1,"[610, 464, 702, 858]",,,,,,,TRACKER_PREDICTED,DETECTORS_MISSED,
276,0,0,0,0.9780787505745574,CONFIRMED,0.9974668088952178,0.9489966630935669,0.9780787505745574,166.32729778070427,"[953, 415, 1025, 749]",False,snapshots/person_0/0_1781655303702.jpg,1,1,"[1001, 439, 1019, 466]",0.00019628179280397023,112.01440329218107,5,True,True,True,ACCEPTABLE,,
276,16,4,4,0.9107634583672228,INITIAL_RECOGNITION,0.989934530450295,0.7920068502426147,0.9107634583672228,0.9107634583672228,"[607, 174, 671, 406]",True,snapshots/person_4/4_1781655304326.jpg,1,1,"[623, 186, 655, 226]",0.0005169561621174524,115.2328125,5,True,True,True,ACCEPTABLE,,"18,19,20"
276,10,1,1,,PERSON_ONLY_TRACK,,,,72.72596343067875,"[841, 984, 956, 1347]",True,,0,1,"[841, 984, 956, 1347]",,,,,,,PERSON_ONLY_TRACK,,
276,13,10,10,,PERSON_ONLY_TRACK,,,,1.444505842074961,"[774, 1027, 870, 1345]",True,,0,1,"[774, 1027, 870, 1345]",,,,,,,PERSON_ONLY_TRACK,,
276,12,9,9,,TRACKER_PREDICTED,,,,0.6488239765167236,"[610, 464, 702, 858]",True,,0,1,"[610, 464, 702, 858]",,,,,,,TRACKER_PREDICTED,DETECTORS_MISSED,
277,10,1,1,0.9153149609609551,CONFIRMED,0.995741924452137,0.7946745157241821,0.9153149609609551,73.6412783916397,"[840, 979, 953, 1346]",False,snapshots/person_1/1_1781655309113.jpg,1,1,"[900, 1018, 929, 1062]",0.0005153406741108354,95.62617554858934,5,True,True,True,ACCEPTABLE,,
277,0,0,0,0.9997160982831718,CONFIRMED,0.9999796270900967,0.9993208050727844,0.9997160982831718,167.32701387898743,"[953, 415, 1025, 749]",False,snapshots/person_0/0_1781655309512.jpg,1,1,"[1001, 439, 1019, 466]",0.00019628179280397023,111.95267489711934,5,True,True,True,ACCEPTABLE,,
277,13,10,10,,PERSON_ONLY_TRACK,,,,1.444505842074961,"[775, 1019, 864, 1342]",True,,0,1,"[775, 1019, 864, 1342]",,,,,,,PERSON_ONLY_TRACK,,
277,12,9,9,,TRACKER_PREDICTED,,,,0.6488239765167236,"[610, 464, 702, 858]",True,,0,1,"[610, 464, 702, 858]",,,,,,,TRACKER_PREDICTED,DETECTORS_MISSED,
277,16,4,4,,TRACKER_PREDICTED,,,,0.9107634583672228,"[607, 174, 671, 406]",True,,0,1,"[623, 186, 655, 226]",,,,,,,TRACKER_PREDICTED,DETECTORS_MISSED,
278,10,1,1,0.9622909790197117,CONFIRMED,0.9967332690820269,0.910627543926239,0.9622909790197117,74.60356937065941,"[844, 968, 947, 1328]",False,snapshots/person_1/1_1781655312991.jpg,1,1,"[896, 1013, 916, 1046]",0.00026655552109181144,100.33484848484848,5,True,True,True,ACCEPTABLE,,
278,16,4,4,0.9897522994268891,CONFIRMED,0.9995964481414948,0.9749860763549805,0.9897522994268891,1.9005157577941119,"[607, 173, 672, 410]",False,snapshots/person_4/4_1781655313331.jpg,1,1,"[623, 185, 656, 226]",0.0005464388182382134,115.78344419807834,5,True,True,True,ACCEPTABLE,,
278,0,0,0,0.9996910246285154,CONFIRMED,0.9999918394738359,0.9992398023605347,0.9996910246285154,168.32670490361593,"[953, 415, 1025, 749]",False,snapshots/person_0/0_1781655313679.jpg,1,1,"[1001, 439, 1019, 466]",0.00019628179280397023,111.98765432098766,5,True,True,True,ACCEPTABLE,,
278,13,10,10,,PERSON_ONLY_TRACK,,,,1.444505842074961,"[773, 1007, 851, 1333]",True,,0,1,"[773, 1007, 851, 1333]",,,,,,,PERSON_ONLY_TRACK,,
279,10,1,1,0.9663786396232792,CONFIRMED,0.9970618858681035,0.9203537702560425,0.9663786396232792,75.56994801028269,"[842, 953, 944, 1280]",False,snapshots/person_1/1_1781655317159.jpg,1,1,"[887, 985, 915, 1031]",0.0005201871381306865,90.57686335403727,5,True,True,True,ACCEPTABLE,,
279,16,4,4,0.9907103645462474,CONFIRMED,0.9994793911209835,0.9775568246841431,0.9907103645462474,2.8912261223403593,"[606, 173, 671, 410]",False,snapshots/person_4/4_1781655317501.jpg,1,1,"[622, 185, 655, 226]",0.0005464388182382134,114.42793791574279,5,True,True,True,ACCEPTABLE,,
279,0,0,0,0.9997440657787269,CONFIRMED,0.9999876157728741,0.9993787407875061,0.9997440657787269,169.32644896939465,"[953, 415, 1025, 749]",False,snapshots/person_0/0_1781655317866.jpg,1,1,"[1001, 439, 1019, 466]",0.00019628179280397023,111.70370370370371,5,True,True,True,ACCEPTABLE,,
279,13,10,10,,PERSON_ONLY_TRACK,,,,1.444505842074961,"[773, 990, 850, 1305]",True,,0,1,"[773, 990, 850, 1305]",,,,,,,PERSON_ONLY_TRACK,,
280,10,1,1,0.96697958428939,CONFIRMED,0.998147781015764,0.9202272891998291,0.96697958428939,76.53692759457208,"[849, 946, 944, 1278]",False,snapshots/person_1/1_1781655321367.jpg,1,1,"[887, 993, 905, 1022]",0.00021082118486352358,103.73180076628353,5,True,True,True,ACCEPTABLE,,
280,0,0,0,0.9991338358459287,CONFIRMED,0.9999205049768775,0.9979538321495056,0.9991338358459287,170.32558280524057,"[953, 415, 1025, 749]",False,snapshots/person_0/0_1781655321708.jpg,1,1,"[1001, 439, 1019, 466]",0.00019628179280397023,111.25308641975309,5,True,True,True,ACCEPTABLE,,
280,16,4,4,0.9987940888298465,CONFIRMED,0.9999904004555465,0.9969996213912964,0.9987940888298465,3.8900202111702056,"[607, 173, 672, 410]",False,snapshots/person_4/4_1781655322071.jpg,1,1,"[623, 185, 656, 226]",0.0005464388182382134,115.69179600886918,5,True,True,True,ACCEPTABLE,,
280,13,10,10,,PERSON_ONLY_TRACK,,,,1.444505842074961,"[773, 983, 872, 1296]",True,,0,1,"[773, 983, 872, 1296]",,,,,,,PERSON_ONLY_TRACK,,
281,10,1,1,0.9644828401268868,CONFIRMED,0.9964176155231642,0.9165806770324707,0.9644828401268868,77.50141043469897,"[839, 934, 940, 1274]",False,snapshots/person_1/1_1781655325497.jpg,1,1,"[879, 974, 909, 1016]",0.0005088787220843673,94.37380952380953,5,True,True,True,ACCEPTABLE,,
281,0,0,0,0.999546035858144,CONFIRMED,0.9999619072214592,0.9989222288131714,0.999546035858144,171.32512884109872,"[953, 415, 1025, 749]",False,snapshots/person_0/0_1781655325839.jpg,1,1,"[1001, 439, 1019, 466]",0.00019628179280397023,111.25925925925925,5,True,True,True,ACCEPTABLE,,
281,13,10,10,,PERSON_ONLY_TRACK,,,,1.444505842074961,"[767, 971, 850, 1289]",True,,0,1,"[767, 971, 850, 1289]",,,,,,,PERSON_ONLY_TRACK,,
281,16,4,4,,TRACKER_PREDICTED,,,,3.8900202111702056,"[607, 173, 672, 410]",True,,0,1,"[623, 184, 656, 226]",,,,,,,TRACKER_PREDICTED,DETECTORS_MISSED,
282,0,0,0,0.9976397374229287,CONFIRMED,1.0000000163841007,0.9940993189811707,0.9976397374229287,172.32276857852165,"[953, 415, 1025, 749]",False,snapshots/person_0/0_1781655329471.jpg,1,1,"[1001, 439, 1019, 466]",0.00019628179280397023,111.25925925925925,5,True,True,True,ACCEPTABLE,,
282,10,1,1,,PERSON_ONLY_TRACK,,,,77.50141043469897,"[836, 927, 930, 1272]",True,,0,1,"[836, 927, 930, 1272]",,,,,,,PERSON_ONLY_TRACK,,
282,13,10,10,,TRACKER_PREDICTED,,,,1.444505842074961,"[767, 971, 850, 1289]",True,,0,1,"[767, 971, 850, 1289]",,,,,,,TRACKER_PREDICTED,DETECTORS_MISSED,
282,16,4,4,,TRACKER_PREDICTED,,,,3.8900202111702056,"[607, 173, 672, 410]",True,,0,1,"[623, 183, 656, 226]",,,,,,,TRACKER_PREDICTED,DETECTORS_MISSED,
283,0,0,0,0.9989020875359339,CONFIRMED,0.9993658150674175,0.9982064962387085,0.9989020875359339,173.32167066605757,"[953, 415, 1025, 749]",False,snapshots/person_0/0_1781655333050.jpg,1,1,"[1001, 438, 1020, 465]",0.00020718633684863524,113.24561403508773,5,True,True,True,ACCEPTABLE,,
283,10,1,1,0.9478449609877984,CONFIRMED,0.9987343594435718,0.8715108633041382,0.9478449609877984,78.44925539568676,"[835, 932, 923, 1265]",False,snapshots/person_1/1_1781655333419.jpg,1,1,"[872, 967, 892, 997]",0.00024232320099255584,100.57333333333334,5,True,True,True,ACCEPTABLE,,
283,13,10,10,,PERSON_ONLY_TRACK,,,,1.444505842074961,"[765, 952, 846, 1277]",True,,0,1,"[765, 952, 846, 1277]",,,,,,,PERSON_ONLY_TRACK,,
283,16,4,4,,TRACKER_PREDICTED,,,,3.8900202111702056,"[607, 173, 672, 410]",True,,0,1,"[623, 182, 656, 226]",,,,,,,TRACKER_PREDICTED,DETECTORS_MISSED,
284,0,0,0,0.9986311427377444,CONFIRMED,0.9997249033091437,0.9969905018806458,0.9986311427377444,174.3203018087953,"[953, 415, 1025, 749]",False,snapshots/person_0/0_1781655336999.jpg,1,1,"[1001, 438, 1020, 466]",0.00021485990488006617,113.65789473684211,5,True,True,True,ACCEPTABLE,,
284,10,1,1,0.9414296917602674,CONFIRMED,0.9986619638875549,0.8555812835693359,0.9414296917602674,79.39068508744703,"[827, 915, 914, 1238]",False,snapshots/person_1/1_1781655337403.jpg,1,1,"[869, 957, 890, 986]",0.00024595804900744416,95.20525451559935,5,True,True,True,ACCEPTABLE,,
284,16,4,4,0.9879621579544828,CONFIRMED,0.9989667061794277,0.9714553356170654,0.9879621579544828,4.877982369124688,"[607, 172, 672, 415]",False,snapshots/person_4/4_1781655337746.jpg,1,1,"[623, 184, 656, 226]",0.0005597665942928039,114.82611832611832,5,True,True,True,ACCEPTABLE,,
284,13,10,10,,PERSON_ONLY_TRACK,,,,1.444505842074961,"[760, 940, 856, 1253]",True,,0,1,"[760, 940, 856, 1253]",,,,,,,PERSON_ONLY_TRACK,,
285,10,1,1,0.953668776403104,CONFIRMED,0.9983634803861954,0.8866267204284668,0.953668776403104,80.34435386385013,"[823, 901, 909, 1220]",False,snapshots/person_1/1_1781655341265.jpg,1,1,"[863, 945, 883, 972]",0.00021809088089330025,107.19074074074074,5,True,True,True,ACCEPTABLE,,
285,0,0,0,0.9999575489062239,CONFIRMED,1.0000000187586031,0.999893844127655,0.9999575489062239,175.32025935770153,"[953, 415, 1025, 749]",False,snapshots/person_0/0_1781655341616.jpg,1,1,"[1001, 438, 1020, 466]",0.00021485990488006617,113.65789473684211,5,True,True,True,ACCEPTABLE,,
285,16,4,4,0.9901677181641393,CONFIRMED,0.9993619207408914,0.9763764142990112,0.9901677181641393,5.868150087288828,"[605, 173, 673, 410]",False,snapshots/person_4/4_1781655341960.jpg,1,1,"[622, 185, 656, 226]",0.000562997570306038,114.90459110473458,5,True,True,True,ACCEPTABLE,,
285,13,10,10,,TRACKER_PREDICTED,,,,1.444505842074961,"[760, 940, 856, 1253]",True,,0,1,"[760, 940, 856, 1253]",,,,,,,TRACKER_PREDICTED,DETECTORS_MISSED,
286,0,0,0,0.9998194641156343,CONFIRMED,0.9999715398224438,0.9995913505554199,0.9998194641156343,176.32007882181716,"[953, 415, 1025, 749]",False,snapshots/person_0/0_1781655345546.jpg,1,1,"[1001, 438, 1020, 466]",0.00021485990488006617,113.6203007518797,5,True,True,True,ACCEPTABLE,,
286,16,4,4,0.9937224629761882,CONFIRMED,0.999922156870714,0.9844229221343994,0.9937224629761882,6.861872550265016,"[606, 173, 671, 410]",False,snapshots/person_4/4_1781655345895.jpg,1,1,"[622, 185, 655, 226]",0.0005464388182382134,114.12934220251293,5,True,True,True,ACCEPTABLE,,
286,10,1,1,,PERSON_ONLY_TRACK,,,,80.34435386385013,"[815, 897, 908, 1220]",True,,0,1,"[815, 897, 908, 1220]",,,,,,,PERSON_ONLY_TRACK,,
286,13,10,10,,TRACKER_PREDICTED,,,,1.444505842074961,"[760, 940, 856, 1253]",True,,0,1,"[760, 940, 856, 1253]",,,,,,,TRACKER_PREDICTED,DETECTORS_MISSED,
287,0,0,0,0.9995194510418374,CONFIRMED,0.9998860882054101,0.9989694952964783,0.9995194510418374,177.319598272859,"[953, 415, 1025, 749]",False,snapshots/person_0/0_1781655350458.jpg,1,1,"[1001, 438, 1020, 465]",0.00020718633684863524,112.76218323586744,5,True,True,True,ACCEPTABLE,,
287,16,4,4,0.9939925454158782,CONFIRMED,0.9995871818892158,0.9856005907058716,0.9939925454158782,7.855865095680894,"[607, 173, 672, 410]",False,snapshots/person_4/4_1781655350879.jpg,1,1,"[623, 185, 656, 226]",0.0005464388182382134,115.00147819660015,5,True,True,True,ACCEPTABLE,,
287,10,1,1,,PERSON_ONLY_TRACK,,,,80.34435386385013,"[814, 890, 907, 1222]",True,,0,1,"[814, 890, 907, 1222]",,,,,,,PERSON_ONLY_TRACK,,
287,13,10,10,,TRACKER_PREDICTED,,,,1.444505842074961,"[760, 940, 856, 1253]",True,,0,1,"[760, 940, 856, 1253]",,,,,,,TRACKER_PREDICTED,DETECTORS_MISSED,
288,0,0,0,0.9718222094581459,CONFIRMED,0.9964825631853497,0.9348316788673401,0.9718222094581459,178.29142048231714,"[953, 415, 1026, 749]",False,snapshots/person_0/0_1781655354411.jpg,1,1,"[1001, 440, 1021, 468]",0.00022616832092638544,119.27857142857142,5,True,True,True,ACCEPTABLE,,
288,10,1,1,,PERSON_ONLY_TRACK,,,,80.34435386385013,"[816, 881, 909, 1209]",True,,0,1,"[816, 881, 909, 1209]",,,,,,,PERSON_ONLY_TRACK,,
288,13,10,10,,PERSON_ONLY_TRACK,,,,1.444505842074961,"[743, 898, 831, 1210]",True,,0,1,"[743, 898, 831, 1210]",,,,,,,PERSON_ONLY_TRACK,,
288,16,4,4,,TRACKER_PREDICTED,,,,7.855865095680894,"[607, 173, 672, 410]",True,,0,1,"[623, 185, 656, 226]",,,,,,,TRACKER_PREDICTED,DETECTORS_MISSED,
289,0,0,0,0.9995472621972403,CONFIRMED,0.9999281485966579,0.998975932598114,0.9995472621972403,179.29096774451438,"[953, 415, 1026, 749]",False,snapshots/person_0/0_1781655358325.jpg,1,1,"[1001, 440, 1021, 468]",0.00022616832092638544,119.13571428571429,5,True,True,True,ACCEPTABLE,,
289,10,1,1,,PERSON_ONLY_TRACK,,,,80.34435386385013,"[817, 874, 913, 1198]",True,,0,1,"[817, 874, 913, 1198]",,,,,,,PERSON_ONLY_TRACK,,
289,13,10,10,,PERSON_ONLY_TRACK,,,,1.444505842074961,"[743, 894, 829, 1186]",True,,0,1,"[743, 894, 829, 1186]",,,,,,,PERSON_ONLY_TRACK,,
289,16,4,4,,TRACKER_PREDICTED,,,,7.855865095680894,"[607, 173, 672, 410]",True,,0,1,"[623, 185, 656, 226]",,,,,,,TRACKER_PREDICTED,DETECTORS_MISSED,
290,0,0,0,0.9997646973884353,CONFIRMED,0.9999999878069177,0.9994117617607117,0.9997646973884353,180.2907324419028,"[953, 415, 1026, 749]",False,snapshots/person_0/0_1781655362149.jpg,1,1,"[1001, 440, 1021, 468]",0.00022616832092638544,119.27857142857142,5,True,True,True,ACCEPTABLE,,
290,10,1,1,,PERSON_ONLY_TRACK,,,,80.34435386385013,"[817, 865, 911, 1183]",True,,0,1,"[817, 865, 911, 1183]",,,,,,,PERSON_ONLY_TRACK,,
290,13,10,10,,PERSON_ONLY_TRACK,,,,1.444505842074961,"[737, 885, 827, 1187]",True,,0,1,"[737, 885, 827, 1187]",,,,,,,PERSON_ONLY_TRACK,,
290,16,4,4,,TRACKER_PREDICTED,,,,7.855865095680894,"[607, 173, 672, 410]",True,,0,1,"[623, 185, 656, 226]",,,,,,,TRACKER_PREDICTED,DETECTORS_MISSED,
291,0,0,0,0.9994985683119191,CONFIRMED,0.9999876988192221,0.9987648725509644,0.9994985683119191,181.2902310102147,"[953, 415, 1026, 749]",False,snapshots/person_0/0_1781655365793.jpg,1,1,"[1001, 440, 1021, 468]",0.00022616832092638544,119.3625,5,True,True,True,ACCEPTABLE,,
291,10,1,1,,PERSON_ONLY_TRACK,,,,80.34435386385013,"[813, 861, 913, 1185]",True,,0,1,"[813, 861, 913, 1185]",,,,,,,PERSON_ONLY_TRACK,,
291,13,10,10,,PERSON_ONLY_TRACK,,,,1.444505842074961,"[745, 871, 826, 1167]",True,,0,1,"[745, 871, 826, 1167]",,,,,,,PERSON_ONLY_TRACK,,
291,16,4,4,,TRACKER_PREDICTED,,,,7.855865095680894,"[607, 173, 672, 410]",True,,0,1,"[623, 185, 656, 226]",,,,,,,TRACKER_PREDICTED,DETECTORS_MISSED,
292,0,0,0,0.9998478125738011,CONFIRMED,0.9999922433175817,0.9996311664581299,0.9998478125738011,182.2900788227885,"[953, 415, 1026, 749]",False,snapshots/person_0/0_1781655369575.jpg,1,1,"[1001, 440, 1021, 468]",0.00022616832092638544,119.30892857142857,5,True,True,True,ACCEPTABLE,,
292,13,10,10,0.9117139831522307,CONFIRMED,0.9938104178076321,0.7885693311691284,0.9117139831522307,2.3562198252271918,"[745, 864, 830, 1157]",False,snapshots/person_10/10_1781655370106.jpg,1,1,"[773, 882, 803, 924]",0.0005088787220843673,107.32063492063492,5,True,True,True,ACCEPTABLE,,
292,10,1,1,,PERSON_ONLY_TRACK,,,,80.34435386385013,"[810, 854, 911, 1184]",True,,0,1,"[810, 854, 911, 1184]",,,,,,,PERSON_ONLY_TRACK,,
292,17,11,11,0.689243197441101,PERSON_ONLY_NEW_IDENTITY,,0.6892431974411011,0.689243197441101,0.689243197441101,"[536, 424, 599, 627]",True,,0,1,"[536, 424, 599, 627]",,,,,,,PERSON_ONLY,,
292,16,4,4,,TRACKER_PREDICTED,,,,7.855865095680894,"[607, 173, 672, 410]",True,,0,1,"[623, 185, 656, 226]",,,,,,,TRACKER_PREDICTED,DETECTORS_MISSED,
293,0,0,0,0.9969372117690285,CONFIRMED,0.9990998248544071,0.9936932921409607,0.9969372117690285,183.28701603455752,"[953, 416, 1026, 749]",False,snapshots/person_0/0_1781655374474.jpg,1,1,"[1000, 440, 1020, 468]",0.00022616832092638544,116.63392857142857,5,True,True,True,ACCEPTABLE,,
293,10,1,1,,PERSON_ONLY_TRACK,,,,80.34435386385013,"[807, 848, 902, 1169]",True,,0,1,"[807, 848, 902, 1169]",,,,,,,PERSON_ONLY_TRACK,,
293,13,10,10,,PERSON_ONLY_TRACK,,,,2.3562198252271918,"[743, 851, 830, 1137]",True,,0,1,"[743, 851, 830, 1137]",,,,,,,PERSON_ONLY_TRACK,,
293,16,4,4,,TRACKER_PREDICTED,,,,7.855865095680894,"[607, 173, 672, 410]",True,,0,1,"[623, 185, 656, 226]",,,,,,,TRACKER_PREDICTED,DETECTORS_MISSED,
293,17,11,11,,TRACKER_PREDICTED,,,,0.689243197441101,"[536, 424, 599, 627]",True,,0,1,"[536, 424, 599, 627]",,,,,,,TRACKER_PREDICTED,DETECTORS_MISSED,
294,0,0,0,0.9977731586066105,CONFIRMED,0.9991839131658637,0.9956570267677307,0.9977731586066105,184.28478919316413,"[953, 415, 1026, 749]",False,snapshots/person_0/0_1781655378003.jpg,1,1,"[1000, 440, 1021, 467]",0.00022899542493796525,118.42857142857143,5,True,True,True,ACCEPTABLE,,
294,10,1,1,,PERSON_ONLY_TRACK,,,,80.34435386385013,"[816, 828, 893, 1140]",True,,0,1,"[816, 828, 893, 1140]",,,,,,,PERSON_ONLY_TRACK,,
294,13,10,10,,PERSON_ONLY_TRACK,,,,2.3562198252271918,"[740, 837, 828, 1163]",True,,0,1,"[740, 837, 828, 1163]",,,,,,,PERSON_ONLY_TRACK,,
294,16,4,4,,TRACKER_PREDICTED,,,,7.855865095680894,"[607, 173, 672, 410]",True,,0,1,"[623, 185, 656, 226]",,,,,,,TRACKER_PREDICTED,DETECTORS_MISSED,
294,17,11,11,,TRACKER_PREDICTED,,,,0.689243197441101,"[536, 424, 599, 627]",True,,0,1,"[536, 424, 599, 627]",,,,,,,TRACKER_PREDICTED,DETECTORS_MISSED,
295,0,0,0,0.9998295334483318,CONFIRMED,1.0000000045539823,0.999573826789856,0.9998295334483318,185.28461872661245,"[953, 415, 1026, 749]",False,snapshots/person_0/0_1781655382202.jpg,1,1,"[1000, 440, 1021, 467]",0.00022899542493796525,118.42857142857143,5,True,True,True,ACCEPTABLE,,
295,10,1,1,,PERSON_ONLY_TRACK,,,,80.34435386385013,"[813, 823, 892, 1127]",True,,0,1,"[813, 823, 892, 1127]",,,,,,,PERSON_ONLY_TRACK,,
295,13,10,10,,PERSON_ONLY_TRACK,,,,2.3562198252271918,"[743, 835, 823, 1064]",True,,0,1,"[743, 835, 823, 1064]",,,,,,,PERSON_ONLY_TRACK,,
295,16,4,4,,TRACKER_PREDICTED,,,,7.855865095680894,"[607, 173, 672, 410]",True,,0,1,"[623, 185, 656, 226]",,,,,,,TRACKER_PREDICTED,DETECTORS_MISSED,
295,17,11,11,,TRACKER_PREDICTED,,,,0.689243197441101,"[536, 424, 599, 627]",True,,0,1,"[536, 424, 599, 627]",,,,,,,TRACKER_PREDICTED,DETECTORS_MISSED,
296,0,0,0,0.9973093541617023,CONFIRMED,0.999140744764743,0.9945622682571411,0.9973093541617023,186.28192808077415,"[953, 415, 1026, 749]",False,snapshots/person_0/0_1781655386244.jpg,1,1,"[1000, 440, 1020, 467]",0.00021809088089330025,117.38518518518518,5,True,True,True,ACCEPTABLE,,
296,10,1,1,,PERSON_ONLY_TRACK,,,,80.34435386385013,"[798, 818, 893, 1128]",True,,0,1,"[798, 818, 893, 1128]",,,,,,,PERSON_ONLY_TRACK,,
296,13,10,10,,PERSON_ONLY_TRACK,,,,2.3562198252271918,"[740, 816, 812, 1058]",True,,0,1,"[740, 816, 812, 1058]",,,,,,,PERSON_ONLY_TRACK,,
296,16,4,4,,TRACKER_PREDICTED,,,,7.855865095680894,"[607, 173, 672, 410]",True,,0,1,"[623, 185, 656, 226]",,,,,,,TRACKER_PREDICTED,DETECTORS_MISSED,
296,17,11,11,,TRACKER_PREDICTED,,,,0.689243197441101,"[536, 424, 599, 627]",True,,0,1,"[536, 424, 599, 627]",,,,,,,TRACKER_PREDICTED,DETECTORS_MISSED,
297,0,0,0,0.9946345617556618,CONFIRMED,0.9992313865463016,0.9877393245697021,0.9946345617556618,187.27656264252983,"[954, 415, 1026, 748]",False,snapshots/person_0/0_1781655390090.jpg,1,1,"[1000, 440, 1019, 467]",0.00020718633684863524,114.33723196881091,5,True,True,True,ACCEPTABLE,,
297,10,1,1,,PERSON_ONLY_TRACK,,,,80.34435386385013,"[794, 822, 885, 1109]",True,,0,1,"[794, 822, 885, 1109]",,,,,,,PERSON_ONLY_TRACK,,
297,13,10,10,,TRACKER_PREDICTED,,,,2.3562198252271918,"[740, 816, 812, 1058]",True,,0,1,"[740, 816, 812, 1058]",,,,,,,TRACKER_PREDICTED,DETECTORS_MISSED,
297,16,4,4,,TRACKER_PREDICTED,,,,7.855865095680894,"[607, 173, 672, 410]",True,,0,1,"[623, 185, 656, 226]",,,,,,,TRACKER_PREDICTED,DETECTORS_MISSED,
297,17,11,11,,TRACKER_PREDICTED,,,,0.689243197441101,"[536, 424, 599, 627]",True,,0,1,"[536, 424, 599, 627]",,,,,,,TRACKER_PREDICTED,DETECTORS_MISSED,
298,0,0,0,0.998606317793004,CONFIRMED,0.9999831808187437,0.9965410232543945,0.998606317793004,188.27516896032282,"[953, 415, 1026, 749]",False,snapshots/person_0/0_1781655393816.jpg,1,1,"[1000, 440, 1019, 467]",0.00020718633684863524,114.36452241715399,5,True,True,True,ACCEPTABLE,,
298,10,1,1,,PERSON_ONLY_TRACK,,,,80.34435386385013,"[795, 806, 891, 1108]",True,,0,1,"[795, 806, 891, 1108]",,,,,,,PERSON_ONLY_TRACK,,
298,13,10,10,,PERSON_ONLY_TRACK,,,,2.3562198252271918,"[737, 806, 823, 1075]",True,,0,1,"[737, 806, 823, 1075]",,,,,,,PERSON_ONLY_TRACK,,
298,17,11,11,,TRACKER_PREDICTED,,,,0.689243197441101,"[536, 424, 599, 627]",True,,0,1,"[536, 424, 599, 627]",,,,,,,TRACKER_PREDICTED,DETECTORS_MISSED,
299,0,0,0,0.9990672061290125,CONFIRMED,0.9995413537564839,0.9983559846878052,0.9990672061290125,189.27423616645183,"[953, 415, 1026, 749]",False,snapshots/person_0/0_1781655397996.jpg,1,1,"[1000, 440, 1019, 466]",0.00019951276881720431,114.14372469635627,5,True,True,True,ACCEPTABLE,,
299,10,1,1,,PERSON_ONLY_TRACK,,,,80.34435386385013,"[788, 792, 876, 1081]",True,,0,1,"[788, 792, 876, 1081]",,,,,,,PERSON_ONLY_TRACK,,
299,13,10,10,,PERSON_ONLY_TRACK,,,,2.3562198252271918,"[735, 795, 812, 1042]",True,,0,1,"[735, 795, 812, 1042]",,,,,,,PERSON_ONLY_TRACK,,
299,17,11,11,,TRACKER_PREDICTED,,,,0.689243197441101,"[536, 424, 599, 627]",True,,0,1,"[536, 424, 599, 627]",,,,,,,TRACKER_PREDICTED,DETECTORS_MISSED,
300,0,0,0,0.9742947718425674,CONFIRMED,0.9970911577218246,0.9401001930236816,0.9742947718425674,190.2485309382944,"[953, 413, 1026, 749]",False,snapshots/person_0/0_1781655402895.jpg,1,1,"[1000, 439, 1018, 464]",0.00018174240074441688,110.13777777777777,5,True,True,True,ACCEPTABLE,,
300,10,1,1,,PERSON_ONLY_TRACK,,,,80.34435386385013,"[797, 780, 874, 1076]",True,,0,1,"[797, 780, 874, 1076]",,,,,,,PERSON_ONLY_TRACK,,
300,13,10,10,,PERSON_ONLY_TRACK,,,,2.3562198252271918,"[733, 779, 822, 1052]",True,,0,1,"[733, 779, 822, 1052]",,,,,,,PERSON_ONLY_TRACK,,
300,17,11,11,,TRACKER_PREDICTED,,,,0.689243197441101,"[536, 424, 599, 627]",True,,0,1,"[536, 424, 599, 627]",,,,,,,TRACKER_PREDICTED,DETECTORS_MISSED,
301,0,0,0,0.9988848856788213,CONFIRMED,0.9999991939632983,0.9972134232521057,0.9988848856788213,191.24741582397323,"[953, 413, 1026, 749]",False,snapshots/person_0/0_1781655406530.jpg,1,1,"[1000, 439, 1018, 464]",0.00018174240074441688,110.1288888888889,5,True,True,True,ACCEPTABLE,,
301,10,1,1,,PERSON_ONLY_TRACK,,,,80.34435386385013,"[790, 777, 878, 1076]",True,,0,1,"[790, 777, 878, 1076]",,,,,,,PERSON_ONLY_TRACK,,
301,13,10,10,,PERSON_ONLY_TRACK,,,,2.3562198252271918,"[734, 775, 816, 1040]",True,,0,1,"[734, 775, 816, 1040]",,,,,,,PERSON_ONLY_TRACK,,
301,17,11,11,,TRACKER_PREDICTED,,,,0.689243197441101,"[536, 424, 599, 627]",True,,0,1,"[536, 424, 599, 627]",,,,,,,TRACKER_PREDICTED,DETECTORS_MISSED,
302,0,0,0,0.9995055382318047,CONFIRMED,0.9999439625055835,0.9988479018211365,0.9995055382318047,192.24692136220503,"[953, 413, 1026, 749]",False,snapshots/person_0/0_1781655410234.jpg,1,1,"[1000, 439, 1018, 464]",0.00018174240074441688,110.24444444444444,5,True,True,True,ACCEPTABLE,,
302,10,1,1,0.8858463839454767,CONFIRMED,0.9838614986610605,0.7388237118721008,0.8858463839454767,81.23020024779561,"[791, 769, 880, 1075]",False,snapshots/person_1/1_1781655410633.jpg,1,1,"[796, 760, 837, 795]",0.0005795563223738627,166.52125435540069,5,True,True,True,ACCEPTABLE,,
302,13,10,10,,PERSON_ONLY_TRACK,,,,2.3562198252271918,"[741, 760, 815, 1024]",True,,0,1,"[741, 760, 815, 1024]",,,,,,,PERSON_ONLY_TRACK,,
302,17,11,11,,TRACKER_PREDICTED,,,,0.689243197441101,"[536, 424, 599, 627]",True,,0,1,"[536, 424, 599, 627]",,,,,,,TRACKER_PREDICTED,DETECTORS_MISSED,
303,0,0,0,0.9996123186617415,CONFIRMED,0.999984044477231,0.9990547299385071,0.9996123186617415,193.24653368086678,"[953, 413, 1026, 749]",False,snapshots/person_0/0_1781655414222.jpg,1,1,"[1000, 439, 1018, 464]",0.00018174240074441688,110.18888888888888,5,True,True,True,ACCEPTABLE,,
303,13,10,10,0.9187167204973734,CONFIRMED,0.9820544384515346,0.8237101435661316,0.9187167204973734,3.2749365457245654,"[747, 749, 822, 1007]",False,snapshots/person_10/10_1781655414581.jpg,1,1,"[803, 763, 827, 792]",0.00028109491315136476,168.16810344827587,5,True,True,True,ACCEPTABLE,,
303,10,1,1,,PERSON_ONLY_TRACK,,,,81.23020024779561,"[797, 768, 877, 1057]",True,,0,1,"[797, 768, 877, 1057]",,,,,,,PERSON_ONLY_TRACK,,
304,0,0,0,0.9978389984998255,CONFIRMED,0.9984396309708802,0.9969380497932434,0.9978389984998255,194.2443726793666,"[953, 413, 1026, 749]",False,snapshots/person_0/0_1781655418222.jpg,1,1,"[1000, 439, 1019, 464]",0.00019183920078577336,112.97473684210526,5,True,True,True,ACCEPTABLE,,
304,13,10,10,0.9443705560555461,CONFIRMED,0.996701757409573,0.8658737540245056,0.9443705560555461,4.219307101780111,"[751, 744, 819, 999]",False,snapshots/person_10/10_1781655418599.jpg,1,1,"[803, 763, 826, 790]",0.00025080451302729527,170.4380032206119,5,True,True,True,ACCEPTABLE,,
304,10,1,1,,PERSON_ONLY_TRACK,,,,81.23020024779561,"[789, 758, 874, 1049]",True,,0,1,"[789, 758, 874, 1049]",,,,,,,PERSON_ONLY_TRACK,,
305,0,0,0,0.9944711337585534,CONFIRMED,0.9988905804189189,0.9878419637680054,0.9944711337585534,195.23884381312516,"[953, 413, 1025, 749]",False,snapshots/person_0/0_1781655422912.jpg,1,1,"[1001, 439, 1019, 464]",0.00018174240074441688,113.01777777777778,5,True,True,True,ACCEPTABLE,,
305,10,1,1,,PERSON_ONLY_TRACK,,,,81.23020024779561,"[794, 746, 868, 1034]",True,,0,1,"[794, 746, 868, 1034]",,,,,,,PERSON_ONLY_TRACK,,
305,13,10,10,,PERSON_ONLY_TRACK,,,,4.219307101780111,"[753, 738, 820, 977]",True,,0,1,"[753, 738, 820, 977]",,,,,,,PERSON_ONLY_TRACK,,
306,0,0,0,0.994531791960992,CONFIRMED,0.9987794451511526,0.9881603121757507,0.994531791960992,196.23337560508614,"[953, 413, 1026, 749]",False,snapshots/person_0/0_1781655426753.jpg,1,1,"[1001, 439, 1020, 465]",0.00019951276881720431,115.30161943319838,5,True,True,True,ACCEPTABLE,,
306,10,1,1,,TRACKER_PREDICTED,,,,81.23020024779561,"[794, 746, 868, 1034]",True,,0,1,"[794, 746, 868, 1034]",,,,,,,TRACKER_PREDICTED,DETECTORS_MISSED,
306,13,10,10,,TRACKER_PREDICTED,,,,4.219307101780111,"[753, 738, 820, 977]",True,,0,1,"[753, 738, 820, 977]",,,,,,,TRACKER_PREDICTED,DETECTORS_MISSED,
307,0,0,0,0.9998543623195602,CONFIRMED,0.9999999409096957,0.9996359944343567,0.9998543623195602,197.2332299674057,"[953, 413, 1026, 749]",False,snapshots/person_0/0_1781655430926.jpg,1,1,"[1001, 439, 1020, 465]",0.00019951276881720431,115.30161943319838,5,True,True,True,ACCEPTABLE,,
307,10,1,1,,PERSON_ONLY_TRACK,,,,81.23020024779561,"[797, 749, 864, 1024]",True,,0,1,"[797, 749, 864, 1024]",,,,,,,PERSON_ONLY_TRACK,,
307,13,10,10,,TRACKER_PREDICTED,,,,4.219307101780111,"[753, 738, 820, 977]",True,,0,1,"[753, 738, 820, 977]",,,,,,,TRACKER_PREDICTED,DETECTORS_MISSED,
308,0,0,0,0.9938218931911558,CONFIRMED,0.9983312455412696,0.9870578646659851,0.9938218931911558,198.22705186059684,"[952, 414, 1026, 749]",False,snapshots/person_0/0_1781655434280.jpg,1,1,"[1001, 440, 1020, 465]",0.00019183920078577336,113.61684210526316,5,True,True,True,ACCEPTABLE,,
308,10,1,1,,PERSON_ONLY_TRACK,,,,81.23020024779561,"[807, 742, 870, 1003]",True,,0,1,"[807, 742, 870, 1003]",,,,,,,PERSON_ONLY_TRACK,,
308,13,10,10,,PERSON_ONLY_TRACK,,,,4.219307101780111,"[753, 712, 831, 954]",True,,0,1,"[753, 712, 831, 954]",,,,,,,PERSON_ONLY_TRACK,,
309,0,0,0,0.9981033019498874,CONFIRMED,0.9992031144228062,0.996453583240509,0.9981033019498874,199.22515516254674,"[952, 414, 1026, 749]",False,snapshots/person_0/0_1781655437927.jpg,1,1,"[1001, 440, 1020, 465]",0.00019183920078577336,112.23368421052632,5,True,True,True,ACCEPTABLE,,
309,10,1,1,,PERSON_ONLY_TRACK,,,,81.23020024779561,"[823, 732, 873, 1000]",True,,0,1,"[823, 732, 873, 1000]",,,,,,,PERSON_ONLY_TRACK,,
309,13,10,10,,PERSON_ONLY_TRACK,,,,4.219307101780111,"[757, 709, 836, 948]",True,,0,1,"[757, 709, 836, 948]",,,,,,,PERSON_ONLY_TRACK,,
310,0,0,0,0.9960534481813075,CONFIRMED,0.998747452863316,0.9920124411582947,0.9960534481813075,200.22120861072804,"[952, 414, 1026, 749]",False,snapshots/person_0/0_1781655441470.jpg,1,1,"[1002, 439, 1020, 465]",0.00018901209677419354,110.79700854700855,5,True,True,True,ACCEPTABLE,,
310,10,1,1,,PERSON_ONLY_TRACK,,,,81.23020024779561,"[824, 731, 874, 999]",True,,0,1,"[824, 731, 874, 999]",,,,,,,PERSON_ONLY_TRACK,,
310,13,10,10,,PERSON_ONLY_TRACK,,,,4.219307101780111,"[757, 707, 837, 926]",True,,0,1,"[757, 707, 837, 926]",,,,,,,PERSON_ONLY_TRACK,,
311,0,0,0,0.9946762717206634,CONFIRMED,0.99863682793898,0.9887354373931885,0.9946762717206634,201.2158848824487,"[952, 414, 1026, 749]",False,snapshots/person_0/0_1781655444917.jpg,1,1,"[1002, 439, 1020, 464]",0.00018174240074441688,108.83555555555556,5,True,True,True,ACCEPTABLE,,
311,10,1,1,,PERSON_ONLY_TRACK,,,,81.23020024779561,"[829, 723, 884, 998]",True,,0,1,"[829, 723, 884, 998]",,,,,,,PERSON_ONLY_TRACK,,
311,13,10,10,,PERSON_ONLY_TRACK,,,,4.219307101780111,"[771, 705, 837, 929]",True,,0,1,"[771, 705, 837, 929]",,,,,,,PERSON_ONLY_TRACK,,
312,0,0,0,,PERSON_ONLY_TRACK,,,,201.2158848824487,"[953, 414, 1025, 749]",True,,0,1,"[953, 414, 1025, 749]",,,,,,,PERSON_ONLY_TRACK,,
312,10,1,1,,PERSON_ONLY_TRACK,,,,81.23020024779561,"[827, 715, 891, 999]",True,,0,1,"[827, 715, 891, 999]",,,,,,,PERSON_ONLY_TRACK,,
312,13,10,10,,PERSON_ONLY_TRACK,,,,4.219307101780111,"[776, 697, 844, 923]",True,,0,1,"[776, 697, 844, 923]",,,,,,,PERSON_ONLY_TRACK,,
313,0,0,0,,PERSON_ONLY_TRACK,,,,201.2158848824487,"[952, 414, 1025, 749]",True,,0,1,"[952, 414, 1025, 749]",,,,,,,PERSON_ONLY_TRACK,,
313,10,1,1,,PERSON_ONLY_TRACK,,,,81.23020024779561,"[807, 710, 891, 995]",True,,0,1,"[807, 710, 891, 995]",,,,,,,PERSON_ONLY_TRACK,,
313,13,10,10,,TRACKER_PREDICTED,,,,4.219307101780111,"[776, 697, 844, 923]",True,,0,1,"[776, 697, 844, 923]",,,,,,,TRACKER_PREDICTED,DETECTORS_MISSED,
314,0,0,0,,PERSON_ONLY_TRACK,,,,201.2158848824487,"[952, 414, 1025, 749]",True,,0,1,"[952, 414, 1025, 749]",,,,,,,PERSON_ONLY_TRACK,,
314,10,1,1,,PERSON_ONLY_TRACK,,,,81.23020024779561,"[787, 692, 845, 913]",True,,0,1,"[787, 692, 845, 913]",,,,,,,PERSON_ONLY_TRACK,,
314,13,10,10,,TRACKER_PREDICTED,,,,4.219307101780111,"[776, 697, 844, 923]",True,,0,1,"[776, 697, 844, 923]",,,,,,,TRACKER_PREDICTED,DETECTORS_MISSED,
315,0,0,0,,PERSON_ONLY_TRACK,,,,201.2158848824487,"[952, 414, 1025, 749]",True,,0,1,"[952, 414, 1025, 749]",,,,,,,PERSON_ONLY_TRACK,,
315,10,1,1,,PERSON_ONLY_TRACK,,,,81.23020024779561,"[796, 686, 853, 920]",True,,0,1,"[796, 686, 853, 920]",,,,,,,PERSON_ONLY_TRACK,,
315,13,10,10,,TRACKER_PREDICTED,,,,4.219307101780111,"[776, 697, 844, 923]",True,,0,1,"[776, 697, 844, 923]",,,,,,,TRACKER_PREDICTED,DETECTORS_MISSED,
316,0,0,0,,PERSON_ONLY_TRACK,,,,201.2158848824487,"[952, 414, 1025, 749]",True,,0,1,"[952, 414, 1025, 749]",,,,,,,PERSON_ONLY_TRACK,,
316,10,1,1,,TRACKER_PREDICTED,,,,81.23020024779561,"[796, 686, 853, 920]",True,,0,1,"[796, 686, 853, 920]",,,,,,,TRACKER_PREDICTED,DETECTORS_MISSED,
316,13,10,10,,TRACKER_PREDICTED,,,,4.219307101780111,"[776, 697, 844, 923]",True,,0,1,"[776, 697, 844, 923]",,,,,,,TRACKER_PREDICTED,DETECTORS_MISSED,
317,0,0,0,,PERSON_ONLY_TRACK,,,,201.2158848824487,"[953, 414, 1025, 749]",True,,0,1,"[953, 414, 1025, 749]",,,,,,,PERSON_ONLY_TRACK,,
317,10,1,1,,TRACKER_PREDICTED,,,,81.23020024779561,"[796, 686, 853, 920]",True,,0,1,"[796, 686, 853, 920]",,,,,,,TRACKER_PREDICTED,DETECTORS_MISSED,
317,13,10,10,,TRACKER_PREDICTED,,,,4.219307101780111,"[776, 697, 844, 923]",True,,0,1,"[776, 697, 844, 923]",,,,,,,TRACKER_PREDICTED,DETECTORS_MISSED,
318,0,0,0,,PERSON_ONLY_TRACK,,,,201.2158848824487,"[952, 414, 1025, 749]",True,,0,1,"[952, 414, 1025, 749]",,,,,,,PERSON_ONLY_TRACK,,
318,10,1,1,,PERSON_ONLY_TRACK,,,,81.23020024779561,"[807, 674, 866, 882]",True,,0,1,"[807, 674, 866, 882]",,,,,,,PERSON_ONLY_TRACK,,
318,13,10,10,,TRACKER_PREDICTED,,,,4.219307101780111,"[776, 697, 844, 923]",True,,0,1,"[776, 697, 844, 923]",,,,,,,TRACKER_PREDICTED,DETECTORS_MISSED,
319,0,0,0,,PERSON_ONLY_TRACK,,,,201.2158848824487,"[952, 414, 1025, 749]",True,,0,1,"[952, 414, 1025, 749]",,,,,,,PERSON_ONLY_TRACK,,
319,10,1,1,,PERSON_ONLY_TRACK,,,,81.23020024779561,"[807, 672, 868, 891]",True,,0,1,"[807, 672, 868, 891]",,,,,,,PERSON_ONLY_TRACK,,
319,13,10,10,,TRACKER_PREDICTED,,,,4.219307101780111,"[776, 697, 844, 923]",True,,0,1,"[776, 697, 844, 923]",,,,,,,TRACKER_PREDICTED,DETECTORS_MISSED,
320,0,0,0,0.9780366406741502,CONFIRMED,0.996234136472603,0.950740396976471,0.9780366406741502,202.19392152312287,"[952, 414, 1026, 749]",False,snapshots/person_0/0_1781655473802.jpg,1,1,"[1003, 439, 1020, 462]",0.00015791395264681555,104.73657289002557,5,True,True,True,ACCEPTABLE,,
320,10,1,1,,PERSON_ONLY_TRACK,,,,81.23020024779561,"[822, 672, 877, 909]",True,,0,1,"[822, 672, 877, 909]",,,,,,,PERSON_ONLY_TRACK,,
320,13,10,10,,TRACKER_PREDICTED,,,,4.219307101780111,"[776, 697, 844, 923]",True,,0,1,"[776, 697, 844, 923]",,,,,,,TRACKER_PREDICTED,DETECTORS_MISSED,
321,0,0,0,0.9960811159677093,CONFIRMED,0.9999999638509063,0.9902028441429138,0.9960811159677093,203.19000263909058,"[953, 414, 1026, 748]",False,snapshots/person_0/0_1781655477311.jpg,1,1,"[1003, 439, 1020, 462]",0.00015791395264681555,104.73657289002557,5,True,True,True,ACCEPTABLE,,
321,10,1,1,,PERSON_ONLY_TRACK,,,,81.23020024779561,"[816, 669, 883, 901]",True,,0,1,"[816, 669, 883, 901]",,,,,,,PERSON_ONLY_TRACK,,
321,13,10,10,,TRACKER_PREDICTED,,,,4.219307101780111,"[776, 697, 844, 923]",True,,0,1,"[776, 697, 844, 923]",,,,,,,TRACKER_PREDICTED,DETECTORS_MISSED,
322,0,0,0,0.9984473011560028,CONFIRMED,0.9999999638509063,0.9961183071136475,0.9984473011560028,204.18844994024658,"[953, 414, 1026, 749]",False,snapshots/person_0/0_1781655481254.jpg,1,1,"[1003, 439, 1020, 462]",0.00015791395264681555,104.73657289002557,5,True,True,True,ACCEPTABLE,,
322,10,1,1,,PERSON_ONLY_TRACK,,,,81.23020024779561,"[819, 665, 887, 901]",True,,0,1,"[819, 665, 887, 901]",,,,,,,PERSON_ONLY_TRACK,,
322,13,10,10,,TRACKER_PREDICTED,,,,4.219307101780111,"[776, 697, 844, 923]",True,,0,1,"[776, 697, 844, 923]",,,,,,,TRACKER_PREDICTED,DETECTORS_MISSED,
323,0,0,0,0.9990489068238487,CONFIRMED,0.9990349714306577,0.9990698099136353,0.9990489068238487,205.18749884707043,"[953, 414, 1026, 749]",False,snapshots/person_0/0_1781655485738.jpg,1,1,"[1002, 439, 1020, 462]",0.00016720300868486353,103.60386473429952,5,True,True,True,ACCEPTABLE,,
323,10,1,1,,PERSON_ONLY_TRACK,,,,81.23020024779561,"[840, 662, 893, 870]",True,,0,1,"[840, 662, 893, 870]",,,,,,,PERSON_ONLY_TRACK,,
324,10,1,10,0.8571223171669724,IDENTITY_CONFLICT,0.9912644479206009,0.6559091210365295,0.8571223171669724,81.23020024779561,"[843, 657, 899, 854]",False,snapshots/person_10/10_1781655490128.jpg,1,1,"[872, 674, 889, 697]",0.00015791395264681555,98.03324808184144,5,True,True,True,ACCEPTABLE,,
324,0,0,0,,PERSON_ONLY_TRACK,,,,205.18749884707043,"[952, 414, 1027, 749]",True,,0,1,"[952, 414, 1027, 749]",,,,,,,PERSON_ONLY_TRACK,,
325,0,0,0,,PERSON_ONLY_TRACK,,,,205.18749884707043,"[952, 414, 1027, 749]",True,,0,1,"[952, 414, 1027, 749]",,,,,,,PERSON_ONLY_TRACK,,
325,10,1,1,,PERSON_ONLY_TRACK,,,,81.23020024779561,"[849, 655, 899, 849]",True,,0,1,"[849, 655, 899, 849]",,,,,,,PERSON_ONLY_TRACK,,
326,0,0,0,,PERSON_ONLY_TRACK,,,,205.18749884707043,"[952, 413, 1027, 749]",True,,0,1,"[952, 413, 1027, 749]",,,,,,,PERSON_ONLY_TRACK,,
326,10,1,1,,PERSON_ONLY_TRACK,,,,81.23020024779561,"[852, 653, 906, 851]",True,,0,1,"[852, 653, 906, 851]",,,,,,,PERSON_ONLY_TRACK,,
327,0,0,0,0.97173491876099,CONFIRMED,0.9971980081792257,0.9335402846336365,0.97173491876099,206.15923376583143,"[953, 413, 1026, 749]",False,snapshots/person_0/0_1781655503248.jpg,1,1,"[1003, 436, 1021, 461]",0.00018174240074441688,110.82888888888888,5,True,True,True,ACCEPTABLE,,
327,10,1,1,,PERSON_ONLY_TRACK,,,,81.23020024779561,"[861, 650, 914, 836]",True,,0,1,"[861, 650, 914, 836]",,,,,,,PERSON_ONLY_TRACK,,
328,0,0,0,0.9901971298931751,CONFIRMED,0.9943250746327494,0.9840052127838135,0.9901971298931751,207.1494308957246,"[953, 413, 1026, 749]",False,snapshots/person_0/0_1781655507549.jpg,1,1,"[1002, 431, 1022, 458]",0.00021809088089330025,113.1574074074074,5,True,True,True,ACCEPTABLE,,
328,10,1,1,,PERSON_ONLY_TRACK,,,,81.23020024779561,"[865, 648, 916, 833]",True,,0,1,"[865, 648, 916, 833]",,,,,,,PERSON_ONLY_TRACK,,
329,0,0,0,0.989624967257405,CONFIRMED,0.9969632858703942,0.9786174893379211,0.989624967257405,208.13905586298202,"[954, 414, 1026, 749]",False,snapshots/person_0/0_1781655510918.jpg,1,1,"[1002, 430, 1021, 457]",0.00020718633684863524,115.3411306042885,5,True,True,True,ACCEPTABLE,,
329,10,1,1,,PERSON_ONLY_TRACK,,,,81.23020024779561,"[859, 644, 920, 839]",True,,0,1,"[859, 644, 920, 839]",,,,,,,PERSON_ONLY_TRACK,,
330,0,0,0,0.9807347354712601,CONFIRMED,0.9933740393026861,0.9617757797241211,0.9807347354712601,209.11979059845328,"[955, 414, 1026, 748]",False,snapshots/person_0/0_1781655514223.jpg,1,1,"[1001, 427, 1022, 459]",0.00027140198511166254,119.26041666666667,5,True,True,True,ACCEPTABLE,,
330,10,1,1,,TRACKER_PREDICTED,,,,81.23020024779561,"[859, 644, 920, 839]",True,,0,1,"[859, 644, 920, 839]",,,,,,,TRACKER_PREDICTED,DETECTORS_MISSED,
331,0,0,0,0.9883602710736261,CONFIRMED,0.9996941242238659,0.9713594913482666,0.9883602710736261,210.1081508695269,"[956, 413, 1025, 745]",False,snapshots/person_0/0_1781655517508.jpg,1,1,"[1001, 427, 1022, 459]",0.00027140198511166254,120.11607142857143,5,True,True,True,ACCEPTABLE,,
331,10,1,1,,TRACKER_PREDICTED,,,,81.23020024779561,"[859, 644, 920, 839]",True,,0,1,"[859, 644, 920, 839]",,,,,,,TRACKER_PREDICTED,DETECTORS_MISSED,
332,0,0,0,0.9821722444391654,CONFIRMED,0.9974100881974576,0.9593154788017273,0.9821722444391654,211.09032311396606,"[957, 414, 1025, 746]",False,snapshots/person_0/0_1781655520820.jpg,1,1,"[1000, 428, 1021, 460]",0.00027140198511166254,121.91666666666667,5,True,True,True,ACCEPTABLE,,
332,10,1,1,,TRACKER_PREDICTED,,,,81.23020024779561,"[859, 644, 920, 839]",True,,0,1,"[859, 644, 920, 839]",,,,,,,TRACKER_PREDICTED,DETECTORS_MISSED,
333,0,0,0,0.9901166298014048,CONFIRMED,0.9990103407075213,0.9767760634422302,0.9901166298014048,212.08043974376747,"[957, 413, 1025, 745]",False,snapshots/person_0/0_1781655524122.jpg,1,1,"[1000, 427, 1021, 460]",0.00027988329714640197,123.69119769119769,5,True,True,True,ACCEPTABLE,,
333,10,1,1,,TRACKER_PREDICTED,,,,81.23020024779561,"[859, 644, 920, 839]",True,,0,1,"[859, 644, 920, 839]",,,,,,,TRACKER_PREDICTED,DETECTORS_MISSED,
334,0,0,0,0.9867395007286663,CONFIRMED,0.9981029966927562,0.9696942567825317,0.9867395007286663,213.06717924449615,"[956, 413, 1025, 747]",False,snapshots/person_0/0_1781655527603.jpg,1,1,"[999, 428, 1021, 461]",0.00029321107320099256,124.89531680440771,5,True,True,True,ACCEPTABLE,,
334,10,1,1,,TRACKER_PREDICTED,,,,81.23020024779561,"[859, 644, 920, 839]",True,,0,1,"[859, 644, 920, 839]",,,,,,,TRACKER_PREDICTED,DETECTORS_MISSED,
335,0,0,0,0.9895444458270912,CONFIRMED,0.998881191933295,0.9755393266677856,0.9895444458270912,214.05672369032322,"[958, 413, 1025, 747]",False,snapshots/person_0/0_1781655530897.jpg,1,1,"[999, 427, 1021, 462]",0.00031098144127378,126.26103896103896,5,True,True,True,ACCEPTABLE,,
335,10,1,1,,TRACKER_PREDICTED,,,,81.23020024779561,"[859, 644, 920, 839]",True,,0,1,"[859, 644, 920, 839]",,,,,,,TRACKER_PREDICTED,DETECTORS_MISSED,
336,0,0,0,0.9407057978440935,CONFIRMED,0.9893671634676745,0.8677137494087219,0.9407057978440935,214.9974294881673,"[960, 413, 1027, 734]",False,snapshots/person_0/0_1781655534159.jpg,1,1,"[999, 433, 1019, 463]",0.00024232320099255584,125.85833333333333,5,True,True,True,ACCEPTABLE,,
336,10,1,1,,TRACKER_PREDICTED,,,,81.23020024779561,"[859, 644, 920, 839]",True,,0,1,"[859, 644, 920, 839]",,,,,,,TRACKER_PREDICTED,DETECTORS_MISSED,
337,0,0,0,0.9712909409561196,CONFIRMED,0.9993801032765771,0.9291571974754333,0.9712909409561196,215.96872042912344,"[956, 413, 1027, 746]",False,snapshots/person_0/0_1781655537454.jpg,1,1,"[999, 433, 1019, 463]",0.00024232320099255584,125.49,5,True,True,True,ACCEPTABLE,,
337,18,12,12,0.6825080513954163,PERSON_ONLY_NEW_IDENTITY,,0.6825080513954163,0.6825080513954163,0.6825080513954163,"[910, 593, 976, 880]",True,,0,1,"[910, 593, 976, 880]",,,,,,,PERSON_ONLY,,
337,10,1,1,,TRACKER_PREDICTED,,,,81.23020024779561,"[859, 644, 920, 839]",True,,0,1,"[859, 644, 920, 839]",,,,,,,TRACKER_PREDICTED,DETECTORS_MISSED,
338,0,0,0,0.9834938633555684,CONFIRMED,0.9952480177274204,0.9658626317977905,0.9834938633555684,216.952214292479,"[957, 413, 1026, 745]",False,snapshots/person_0/0_1781655540900.jpg,1,1,"[998, 432, 1020, 463]",0.0002754407051282051,130.63343108504398,5,True,True,True,ACCEPTABLE,,
338,18,12,12,,PERSON_ONLY_TRACK,,,,0.6825080513954163,"[911, 662, 967, 881]",True,,0,1,"[911, 662, 967, 881]",,,,,,,PERSON_ONLY_TRACK,,
338,10,1,1,,TRACKER_PREDICTED,,,,81.23020024779561,"[859, 644, 920, 839]",True,,0,1,"[859, 644, 920, 839]",,,,,,,TRACKER_PREDICTED,DETECTORS_MISSED,
339,0,0,0,0.9681508193807465,CONFIRMED,0.9951912380583854,0.9275901913642883,0.9681508193807465,217.92036511185975,"[962, 414, 1026, 693]",False,snapshots/person_0/0_1781655544166.jpg,1,1,"[999, 428, 1018, 459]",0.00023788060897435897,125.83531409168081,5,True,True,True,ACCEPTABLE,,
339,18,12,12,,PERSON_ONLY_TRACK,,,,0.6825080513954163,"[914, 589, 974, 857]",True,,0,1,"[914, 589, 974, 857]",,,,,,,PERSON_ONLY_TRACK,,
339,10,1,1,,TRACKER_PREDICTED,,,,81.23020024779561,"[859, 644, 920, 839]",True,,0,1,"[859, 644, 920, 839]",,,,,,,TRACKER_PREDICTED,DETECTORS_MISSED,
340,0,0,0,0.9706146788230852,CONFIRMED,0.9882514198010689,0.9441595673561096,0.9706146788230852,218.89097979068285,"[961, 414, 1025, 697]",False,snapshots/person_0/0_1781655547449.jpg,1,1,"[998, 433, 1019, 463]",0.00025443936104218364,128.9777777777778,5,True,True,True,ACCEPTABLE,,
340,18,12,12,,PERSON_ONLY_TRACK,,,,0.6825080513954163,"[915, 664, 992, 878]",True,,0,1,"[915, 664, 992, 878]",,,,,,,PERSON_ONLY_TRACK,,
341,0,0,0,0.966648305932235,CONFIRMED,0.9963462973295837,0.9221013188362122,0.966648305932235,219.8576280966151,"[962, 415, 1024, 692]",False,snapshots/person_0/0_1781655551047.jpg,1,1,"[997, 432, 1019, 463]",0.0002754407051282051,128.70527859237538,5,True,True,True,ACCEPTABLE,,
341,18,12,12,,PERSON_ONLY_TRACK,,,,0.6825080513954163,"[916, 654, 992, 878]",True,,0,1,"[916, 654, 992, 878]",,,,,,,PERSON_ONLY_TRACK,,
342,0,0,0,0.9444287061792187,CONFIRMED,0.9926433563400594,0.8721067309379578,0.9444287061792187,220.8020568027943,"[962, 415, 1025, 684]",False,snapshots/person_0/0_1781655554399.jpg,1,1,"[998, 434, 1017, 463]",0.00022253347291149712,125.11796733212341,5,True,True,True,ACCEPTABLE,,
342,18,12,12,,PERSON_ONLY_TRACK,,,,0.6825080513954163,"[919, 647, 993, 873]",True,,0,1,"[919, 647, 993, 873]",,,,,,,PERSON_ONLY_TRACK,,
343,0,0,0,0.9548486697944478,CONFIRMED,0.999930459306054,0.8872259855270386,0.9548486697944478,221.75690547258876,"[963, 415, 1025, 678]",False,snapshots/person_0/0_1781655557732.jpg,1,1,"[998, 434, 1017, 463]",0.00022253347291149712,125.11252268602541,5,True,True,True,ACCEPTABLE,,
343,18,12,12,,PERSON_ONLY_TRACK,,,,0.6825080513954163,"[925, 643, 992, 876]",True,,0,1,"[925, 643, 992, 876]",,,,,,,PERSON_ONLY_TRACK,,
344,0,0,0,0.929208116006734,CONFIRMED,0.99524172854404,0.8301576972007751,0.929208116006734,222.6861135885955,"[963, 414, 1025, 677]",False,snapshots/person_0/0_1781655561048.jpg,1,1,"[998, 434, 1017, 463]",0.00022253347291149712,124.90744101633393,5,True,True,True,ACCEPTABLE,,
344,18,12,12,,PERSON_ONLY_TRACK,,,,0.6825080513954163,"[927, 642, 992, 873]",True,,0,1,"[927, 642, 992, 873]",,,,,,,PERSON_ONLY_TRACK,,
345,0,0,0,0.953131909717999,CONFIRMED,0.9987824286849666,0.8846561312675476,0.953131909717999,223.6392454983135,"[963, 414, 1025, 671]",False,snapshots/person_0/0_1781655564300.jpg,1,1,"[998, 434, 1018, 463]",0.00023424576095947062,128.30344827586208,5,True,True,True,ACCEPTABLE,,
345,18,12,12,,PERSON_ONLY_TRACK,,,,0.6825080513954163,"[940, 593, 994, 851]",True,,0,1,"[940, 593, 994, 851]",,,,,,,PERSON_ONLY_TRACK,,
346,0,0,0,0.9426646347359425,CONFIRMED,0.9968944184507936,0.8613199591636658,0.9426646347359425,224.58191013304943,"[963, 414, 1025, 669]",False,snapshots/person_0/0_1781655567598.jpg,1,1,"[998, 435, 1017, 463]",0.00021485990488006617,125.02631578947368,5,True,True,True,ACCEPTABLE,,
346,18,12,12,,PERSON_ONLY_TRACK,,,,0.6825080513954163,"[936, 586, 999, 866]",True,,0,1,"[936, 586, 999, 866]",,,,,,,PERSON_ONLY_TRACK,,
347,0,0,0,0.9412835013906702,CONFIRMED,0.9955918212798807,0.8598210215568542,0.9412835013906702,225.5231936344401,"[962, 414, 1025, 665]",False,snapshots/person_0/0_1781655570908.jpg,1,1,"[998, 436, 1017, 463]",0.00020718633684863524,122.89863547758284,5,True,True,True,ACCEPTABLE,,
347,18,12,12,,PERSON_ONLY_TRACK,,,,0.6825080513954163,"[933, 634, 1001, 881]",True,,0,1,"[933, 634, 1001, 881]",,,,,,,PERSON_ONLY_TRACK,,
348,0,0,0,,TRACKER_PREDICTED,,,,225.5231936344401,"[962, 414, 1025, 665]",True,,0,1,"[998, 436, 1016, 463]",,,,,,,TRACKER_PREDICTED,DETECTORS_MISSED,
348,18,12,12,,TRACKER_PREDICTED,,,,0.6825080513954163,"[933, 634, 1001, 881]",True,,0,1,"[933, 634, 1001, 881]",,,,,,,TRACKER_PREDICTED,DETECTORS_MISSED,
349,0,0,0,,PERSON_ONLY_TRACK,,,,225.5231936344401,"[963, 414, 1021, 629]",True,,0,1,"[963, 414, 1021, 629]",,,,,,,PERSON_ONLY_TRACK,,
349,18,12,12,,TRACKER_PREDICTED,,,,0.6825080513954163,"[933, 634, 1001, 881]",True,,0,1,"[933, 634, 1001, 881]",,,,,,,TRACKER_PREDICTED,DETECTORS_MISSED,
350,0,0,0,,PERSON_ONLY_TRACK,,,,225.5231936344401,"[964, 414, 1020, 624]",True,,0,1,"[964, 414, 1020, 624]",,,,,,,PERSON_ONLY_TRACK,,
350,18,12,12,,TRACKER_PREDICTED,,,,0.6825080513954163,"[933, 634, 1001, 881]",True,,0,1,"[933, 634, 1001, 881]",,,,,,,TRACKER_PREDICTED,DETECTORS_MISSED,
351,0,0,0,,PERSON_ONLY_TRACK,,,,225.5231936344401,"[965, 414, 1020, 637]",True,,0,1,"[965, 414, 1020, 637]",,,,,,,PERSON_ONLY_TRACK,,
351,18,12,12,,TRACKER_PREDICTED,,,,0.6825080513954163,"[933, 634, 1001, 881]",True,,0,1,"[933, 634, 1001, 881]",,,,,,,TRACKER_PREDICTED,DETECTORS_MISSED,
352,0,0,0,,PERSON_ONLY_TRACK,,,,225.5231936344401,"[966, 414, 1021, 634]",True,,0,1,"[966, 414, 1021, 634]",,,,,,,PERSON_ONLY_TRACK,,
352,18,12,12,,TRACKER_PREDICTED,,,,0.6825080513954163,"[933, 634, 1001, 881]",True,,0,1,"[933, 634, 1001, 881]",,,,,,,TRACKER_PREDICTED,DETECTORS_MISSED,
353,0,0,0,,PERSON_ONLY_TRACK,,,,225.5231936344401,"[966, 414, 1022, 643]",True,,0,1,"[966, 414, 1022, 643]",,,,,,,PERSON_ONLY_TRACK,,
353,18,12,12,,TRACKER_PREDICTED,,,,0.6825080513954163,"[933, 634, 1001, 881]",True,,0,1,"[933, 634, 1001, 881]",,,,,,,TRACKER_PREDICTED,DETECTORS_MISSED,
354,0,0,0,,PERSON_ONLY_TRACK,,,,225.5231936344401,"[967, 414, 1021, 640]",True,,0,1,"[967, 414, 1021, 640]",,,,,,,PERSON_ONLY_TRACK,,
354,18,12,12,,PERSON_ONLY_TRACK,,,,0.6825080513954163,"[950, 625, 1004, 833]",True,,0,1,"[950, 625, 1004, 833]",,,,,,,PERSON_ONLY_TRACK,,
355,0,0,0,,PERSON_ONLY_TRACK,,,,225.5231936344401,"[967, 414, 1021, 645]",True,,0,1,"[967, 414, 1021, 645]",,,,,,,PERSON_ONLY_TRACK,,
355,18,12,12,,TRACKER_PREDICTED,,,,0.6825080513954163,"[950, 625, 1004, 833]",True,,0,1,"[950, 625, 1004, 833]",,,,,,,TRACKER_PREDICTED,DETECTORS_MISSED,
356,0,0,0,0.9288350656441671,CONFIRMED,0.9964403832640618,0.827427089214325,0.9288350656441671,226.45202870008427,"[964, 415, 1022, 657]",False,snapshots/person_0/0_1781655606947.jpg,1,1,"[999, 437, 1017, 462]",0.00018174240074441688,105.53111111111112,5,True,True,True,ACCEPTABLE,,
356,18,12,12,,PERSON_ONLY_TRACK,,,,0.6825080513954163,"[954, 413, 1024, 739]",True,,0,1,"[954, 413, 1024, 739]",,,,,,,PERSON_ONLY_TRACK,,
357,0,0,0,0.9269605404678101,CONFIRMED,0.9999073754653525,0.8175402879714966,0.9269605404678101,227.37898924055207,"[954, 414, 1023, 738]",False,snapshots/person_0/0_1781655611732.jpg,1,1,"[999, 437, 1017, 462]",0.00018174240074441688,105.37777777777778,5,True,True,True,ACCEPTABLE,,
357,18,12,12,,TRACKER_PREDICTED,,,,0.6825080513954163,"[954, 413, 1024, 739]",True,,0,1,"[954, 413, 1024, 739]",,,,,,,TRACKER_PREDICTED,DETECTORS_MISSED,
358,0,0,0,0.9504959858442552,CONFIRMED,0.9999407988431068,0.8763287663459778,0.9504959858442552,228.32948522639632,"[950, 414, 1023, 745]",False,snapshots/person_0/0_1781655616365.jpg,1,1,"[999, 437, 1017, 462]",0.00018174240074441688,105.67333333333333,5,True,True,True,ACCEPTABLE,,
358,18,12,12,,TRACKER_PREDICTED,,,,0.6825080513954163,"[954, 413, 1024, 739]",True,,0,1,"[954, 413, 1024, 739]",,,,,,,TRACKER_PREDICTED,DETECTORS_MISSED,
359,0,0,0,0.9777998257671703,CONFIRMED,0.9986800036488157,0.9464795589447021,0.9777998257671703,229.30728505216348,"[950, 414, 1023, 742]",False,snapshots/person_0/0_1781655621595.jpg,1,1,"[999, 437, 1018, 462]",0.00019183920078577336,107.38947368421053,5,True,True,True,ACCEPTABLE,,
359,18,12,12,,TRACKER_PREDICTED,,,,0.6825080513954163,"[954, 413, 1024, 739]",True,,0,1,"[954, 413, 1024, 739]",,,,,,,TRACKER_PREDICTED,DETECTORS_MISSED,
360,0,0,0,0.9517905345426475,CONFIRMED,0.9937166159130592,0.88890141248703,0.9517905345426475,230.25907558670613,"[951, 414, 1024, 747]",False,snapshots/person_0/0_1781655625634.jpg,1,1,"[1000, 437, 1019, 462]",0.00019183920078577336,110.33052631578947,5,True,True,True,ACCEPTABLE,,
360,18,12,12,,PERSON_ONLY_TRACK,,,,0.6825080513954163,"[965, 615, 1023, 824]",True,,0,1,"[965, 615, 1023, 824]",,,,,,,PERSON_ONLY_TRACK,,
361,0,0,0,0.9925375851168011,CONFIRMED,0.9995500895999826,0.9820188283920288,0.9925375851168011,231.25161317182292,"[951, 413, 1024, 747]",False,snapshots/person_0/0_1781655629549.jpg,1,1,"[1000, 437, 1019, 463]",0.00019951276881720431,111.07085020242916,5,True,True,True,ACCEPTABLE,,
361,18,12,12,,PERSON_ONLY_TRACK,,,,0.6825080513954163,"[936, 613, 1027, 883]",True,,0,1,"[936, 613, 1027, 883]",,,,,,,PERSON_ONLY_TRACK,,
362,0,0,0,0.9768633101067021,CONFIRMED,0.9999999559059863,0.9421583414077759,0.9768633101067021,232.22847648192962,"[951, 414, 1024, 749]",False,snapshots/person_0/0_1781655633532.jpg,1,1,"[1000, 437, 1019, 463]",0.00019951276881720431,111.07085020242916,5,True,True,True,ACCEPTABLE,,
362,18,12,12,,PERSON_ONLY_TRACK,,,,0.6825080513954163,"[971, 613, 1027, 813]",True,,0,1,"[971, 613, 1027, 813]",,,,,,,PERSON_ONLY_TRACK,,
363,0,0,0,0.9854072782888643,CONFIRMED,0.9991073167149609,0.9648572206497192,0.9854072782888643,233.2138837602185,"[951, 413, 1024, 750]",False,snapshots/person_0/0_1781655637541.jpg,1,1,"[1000, 438, 1019, 463]",0.00019183920078577336,110.58105263157894,5,True,True,True,ACCEPTABLE,,
363,18,12,12,,PERSON_ONLY_TRACK,,,,0.6825080513954163,"[976, 611, 1027, 807]",True,,0,1,"[976, 611, 1027, 807]",,,,,,,PERSON_ONLY_TRACK,,
364,0,0,0,0.9845253019862817,CONFIRMED,0.999416594593632,0.9621883630752563,0.9845253019862817,234.19840906220477,"[951, 414, 1024, 750]",False,snapshots/person_0/0_1781655641601.jpg,1,1,"[1000, 438, 1019, 464]",0.00019951276881720431,110.77935222672065,5,True,True,True,ACCEPTABLE,,
364,18,12,12,,PERSON_ONLY_TRACK,,,,0.6825080513954163,"[978, 611, 1027, 802]",True,,0,1,"[978, 611, 1027, 802]",,,,,,,PERSON_ONLY_TRACK,,
365,0,0,0,0.9847037272458692,CONFIRMED,0.999365481536491,0.9627110958099365,0.9847037272458692,235.18311278945063,"[952, 415, 1024, 750]",False,snapshots/person_0/0_1781655645626.jpg,1,1,"[1000, 439, 1019, 464]",0.00019183920078577336,111.63578947368421,5,True,True,True,ACCEPTABLE,,
365,18,12,12,,PERSON_ONLY_TRACK,,,,0.6825080513954163,"[984, 610, 1027, 802]",True,,0,1,"[984, 610, 1027, 802]",,,,,,,PERSON_ONLY_TRACK,,
366,0,0,0,0.9881984997199872,CONFIRMED,0.9985760530509715,0.9726321697235107,0.9881984997199872,236.17131128917063,"[952, 417, 1024, 750]",False,snapshots/person_0/0_1781655651776.jpg,1,1,"[1000, 438, 1019, 464]",0.00019951276881720431,109.95546558704453,5,True,True,True,ACCEPTABLE,,
366,18,12,12,,TRACKER_PREDICTED,,,,0.6825080513954163,"[984, 610, 1027, 802]",True,,0,1,"[984, 610, 1027, 802]",,,,,,,TRACKER_PREDICTED,DETECTORS_MISSED,
367,0,0,0,0.9954070262947402,CONFIRMED,0.9992151149178083,0.9896948933601379,0.9954070262947402,237.16671831546537,"[952, 417, 1024, 750]",False,snapshots/person_0/0_1781655656157.jpg,1,1,"[1000, 439, 1020, 464]",0.00020193600082712987,114.968,5,True,True,True,ACCEPTABLE,,
367,18,12,12,,TRACKER_PREDICTED,,,,0.6825080513954163,"[984, 610, 1027, 802]",True,,0,1,"[984, 610, 1027, 802]",,,,,,,TRACKER_PREDICTED,DETECTORS_MISSED,
368,0,0,0,0.9804448906904616,CONFIRMED,0.9982229577710493,0.9537777900695801,0.9804448906904616,238.14716320615582,"[952, 417, 1024, 750]",False,snapshots/person_0/0_1781655660817.jpg,1,1,"[1001, 439, 1019, 464]",0.00018174240074441688,112.52,5,True,True,True,ACCEPTABLE,,
368,18,12,12,,TRACKER_PREDICTED,,,,0.6825080513954163,"[984, 610, 1027, 802]",True,,0,1,"[984, 610, 1027, 802]",,,,,,,TRACKER_PREDICTED,DETECTORS_MISSED,
369,0,0,0,0.9920534936034384,CONFIRMED,0.9999679869154596,0.9801817536354065,0.9920534936034384,239.13921669975926,"[952, 417, 1024, 750]",False,snapshots/person_0/0_1781655664847.jpg,1,1,"[1001, 439, 1019, 464]",0.00018174240074441688,112.51555555555555,5,True,True,True,ACCEPTABLE,,
369,18,12,12,,TRACKER_PREDICTED,,,,0.6825080513954163,"[984, 610, 1027, 802]",True,,0,1,"[984, 610, 1027, 802]",,,,,,,TRACKER_PREDICTED,DETECTORS_MISSED,
370,0,0,0,0.9865501757689132,CONFIRMED,0.9985112144264603,0.9686086177825928,0.9865501757689132,240.12576687552817,"[952, 417, 1025, 749]",False,snapshots/person_0/0_1781655668815.jpg,1,1,"[1000, 439, 1020, 465]",0.00021001344086021506,114.44615384615385,5,True,True,True,ACCEPTABLE,,
370,18,12,12,,TRACKER_PREDICTED,,,,0.6825080513954163,"[984, 610, 1027, 802]",True,,0,1,"[984, 610, 1027, 802]",,,,,,,TRACKER_PREDICTED,DETECTORS_MISSED,
371,0,0,0,0.9809043088917786,CONFIRMED,0.9999999469129334,0.9522608518600464,0.9809043088917786,241.10667118441995,"[952, 417, 1024, 749]",False,snapshots/person_0/0_1781655672676.jpg,1,1,"[1000, 439, 1020, 465]",0.00021001344086021506,114.44615384615385,5,True,True,True,ACCEPTABLE,,
371,18,12,12,,TRACKER_PREDICTED,,,,0.6825080513954163,"[984, 610, 1027, 802]",True,,0,1,"[984, 610, 1027, 802]",,,,,,,TRACKER_PREDICTED,DETECTORS_MISSED,
372,0,0,0,,PERSON_ONLY_TRACK,,,,241.10667118441995,"[953, 417, 1025, 749]",True,,0,1,"[953, 417, 1025, 749]",,,,,,,PERSON_ONLY_TRACK,,
372,18,12,12,,TRACKER_PREDICTED,,,,0.6825080513954163,"[984, 610, 1027, 802]",True,,0,1,"[984, 610, 1027, 802]",,,,,,,TRACKER_PREDICTED,DETECTORS_MISSED,
373,0,0,0,,PERSON_ONLY_TRACK,,,,241.10667118441995,"[953, 417, 1025, 749]",True,,0,1,"[953, 417, 1025, 749]",,,,,,,PERSON_ONLY_TRACK,,
373,18,12,12,,TRACKER_PREDICTED,,,,0.6825080513954163,"[984, 610, 1027, 802]",True,,0,1,"[984, 610, 1027, 802]",,,,,,,TRACKER_PREDICTED,DETECTORS_MISSED,
374,0,0,0,,PERSON_ONLY_TRACK,,,,241.10667118441995,"[953, 417, 1025, 749]",True,,0,1,"[953, 417, 1025, 749]",,,,,,,PERSON_ONLY_TRACK,,
374,18,12,12,,TRACKER_PREDICTED,,,,0.6825080513954163,"[984, 610, 1027, 802]",True,,0,1,"[984, 610, 1027, 802]",,,,,,,TRACKER_PREDICTED,DETECTORS_MISSED,
375,0,0,0,,PERSON_ONLY_TRACK,,,,241.10667118441995,"[953, 417, 1026, 749]",True,,0,1,"[953, 417, 1026, 749]",,,,,,,PERSON_ONLY_TRACK,,
375,18,12,12,,TRACKER_PREDICTED,,,,0.6825080513954163,"[984, 610, 1027, 802]",True,,0,1,"[984, 610, 1027, 802]",,,,,,,TRACKER_PREDICTED,DETECTORS_MISSED,
376,0,0,0,,PERSON_ONLY_TRACK,,,,241.10667118441995,"[953, 417, 1025, 749]",True,,0,1,"[953, 417, 1025, 749]",,,,,,,PERSON_ONLY_TRACK,,
377,0,0,0,0.9601285179830293,CONFIRMED,0.9953913225691684,0.9072343111038208,0.9601285179830293,242.066799702403,"[954, 417, 1025, 749]",False,snapshots/person_0/0_1781655695081.jpg,1,1,"[1000, 439, 1019, 466]",0.00020718633684863524,111.58089668615985,5,True,True,True,ACCEPTABLE,,
378,0,0,0,,PERSON_ONLY_TRACK,,,,242.066799702403,"[954, 416, 1025, 749]",True,,0,1,"[954, 416, 1025, 749]",,,,,,,PERSON_ONLY_TRACK,,
379,0,0,0,,PERSON_ONLY_TRACK,,,,242.066799702403,"[954, 416, 1025, 749]",True,,0,1,"[954, 416, 1025, 749]",,,,,,,PERSON_ONLY_TRACK,,
380,0,0,0,,PERSON_ONLY_TRACK,,,,242.066799702403,"[954, 415, 1025, 749]",True,,0,1,"[954, 415, 1025, 749]",,,,,,,PERSON_ONLY_TRACK,,
381,0,0,0,,PERSON_ONLY_TRACK,,,,242.066799702403,"[954, 415, 1025, 749]",True,,0,1,"[954, 415, 1025, 749]",,,,,,,PERSON_ONLY_TRACK,,
382,0,0,0,,PERSON_ONLY_TRACK,,,,242.066799702403,"[954, 415, 1025, 749]",True,,0,1,"[954, 415, 1025, 749]",,,,,,,PERSON_ONLY_TRACK,,
383,0,0,0,,PERSON_ONLY_TRACK,,,,242.066799702403,"[954, 415, 1025, 749]",True,,0,1,"[954, 415, 1025, 749]",,,,,,,PERSON_ONLY_TRACK,,
384,0,0,0,0.9658565863144564,CONFIRMED,0.9975482000530044,0.9183191657066345,0.9658565863144564,243.03265628871745,"[954, 414, 1022, 749]",False,snapshots/person_0/0_1781655722257.jpg,1,1,"[999, 440, 1017, 466]",0.00018901209677419354,108.68589743589743,5,True,True,True,ACCEPTABLE,,
385,0,0,0,0.9954097088638969,CONFIRMED,0.9999179933574511,0.9886472821235657,0.9954097088638969,244.02806599758134,"[954, 414, 1023, 749]",False,snapshots/person_0/0_1781655727516.jpg,1,1,"[999, 440, 1017, 466]",0.00018901209677419354,108.59615384615384,5,True,True,True,ACCEPTABLE,,
386,0,0,0,0.9995919075868755,CONFIRMED,0.9999577348865121,0.9990431666374207,0.9995919075868755,245.0276579051682,"[954, 414, 1022, 749]",False,snapshots/person_0/0_1781655731805.jpg,1,1,"[999, 440, 1017, 466]",0.00018901209677419354,108.64102564102564,5,True,True,True,ACCEPTABLE,,
387,0,0,0,0.9992748650175817,CONFIRMED,0.9999375992785704,0.9982807636260986,0.9992748650175817,246.0269327701858,"[954, 414, 1023, 749]",False,snapshots/person_0/0_1781655735724.jpg,1,1,"[999, 440, 1017, 466]",0.00018901209677419354,108.34188034188034,5,True,True,True,ACCEPTABLE,,
388,0,0,0,0.9993785238279724,CONFIRMED,0.9999098936739603,0.9985814690589905,0.9993785238279724,247.02631129401377,"[954, 414, 1022, 749]",False,snapshots/person_0/0_1781655739446.jpg,1,1,"[999, 440, 1017, 466]",0.00018901209677419354,108.47863247863248,5,True,True,True,ACCEPTABLE,,
389,0,0,0,0.9980781171864505,CONFIRMED,0.9990354534894617,0.9966421127319336,0.9980781171864505,248.02438941120022,"[954, 414, 1022, 749]",False,snapshots/person_0/0_1781655745239.jpg,1,1,"[999, 440, 1018, 466]",0.00019951276881720431,114.26923076923077,5,True,True,True,ACCEPTABLE,,
390,0,0,0,0.9984966629180153,CONFIRMED,0.999689120953752,0.9967079758644104,0.9984966629180153,249.02288607411825,"[954, 414, 1022, 749]",False,snapshots/person_0/0_1781655750021.jpg,1,1,"[999, 440, 1018, 466]",0.00019951276881720431,114.1842105263158,5,True,True,True,ACCEPTABLE,,
391,0,0,0,0.999639874995619,CONFIRMED,0.9999605521574118,0.9991588592529297,0.999639874995619,250.02252594911386,"[954, 414, 1022, 749]",False,snapshots/person_0/0_1781655754502.jpg,1,1,"[999, 440, 1018, 466]",0.00019951276881720431,113.93522267206478,5,True,True,True,ACCEPTABLE,,
392,0,0,0,0.9974137949196865,CONFIRMED,0.999136435861119,0.9948298335075378,0.9974137949196865,251.01993974403354,"[954, 414, 1022, 749]",False,snapshots/person_0/0_1781655758354.jpg,1,1,"[999, 440, 1018, 467]",0.00020718633684863524,114.94346978557505,5,True,True,True,ACCEPTABLE,,
393,0,0,0,0.9996125819638484,CONFIRMED,0.9996482336446831,0.9995591044425964,0.9996125819638484,252.01955232599738,"[954, 414, 1022, 749]",False,snapshots/person_0/0_1781655762187.jpg,1,1,"[999, 440, 1018, 466]",0.00019951276881720431,114.32591093117409,5,True,True,True,ACCEPTABLE,,
393,19,6,6,0.9552950038824145,INITIAL_RECOGNITION,0.9928022448078898,0.8990341424942017,0.9552950038824145,0.9552950038824145,"[637, 298, 670, 407]",True,snapshots/person_6/6_1781655762558.jpg,1,1,"[645, 303, 662, 322]",0.0001304506565343259,123.53560371517028,5,True,True,True,ACCEPTABLE,,
394,0,0,0,0.9999411899959673,CONFIRMED,0.9999955626189094,0.999859631061554,0.9999411899959673,253.01949351599336,"[954, 414, 1022, 749]",False,snapshots/person_0/0_1781655766633.jpg,1,1,"[999, 440, 1018, 466]",0.00019951276881720431,114.37246963562752,5,True,True,True,ACCEPTABLE,,
394,19,6,6,0.9949088514102693,CONFIRMED,0.9987515906912082,0.9891447424888611,0.9949088514102693,1.950203855292684,"[637, 298, 669, 407]",False,snapshots/person_6/6_1781655767055.jpg,1,1,"[645, 303, 661, 322]",0.00012277708850289495,124.79605263157895,5,True,True,True,ACCEPTABLE,,
395,0,0,0,0.9999314827618888,CONFIRMED,0.999990072995075,0.9998435974121094,0.9999314827618888,254.01942499875526,"[954, 414, 1022, 749]",False,snapshots/person_0/0_1781655770856.jpg,1,1,"[999, 440, 1018, 466]",0.00019951276881720431,114.32591093117409,5,True,True,True,ACCEPTABLE,,
395,19,6,6,0.9952401954521705,CONFIRMED,0.9987683028959514,0.989948034286499,0.9952401954521705,2.9454440507448543,"[637, 298, 669, 407]",False,snapshots/person_6/6_1781655771261.jpg,1,1,"[645, 303, 661, 322]",0.00012277708850289495,124.3717105263158,5,True,True,True,ACCEPTABLE,,
